#timestamp x y z q_x q_y q_z q_w
1782875838.205632 -0.003180732757235 -0.001364894144553 0.001037716536715 0.000132755085911 0.000750423058912 0.000636414241683 0.999999507108995
1782875838.305548 -0.012276910497693 -0.006801971368805 0.002020034189033 -0.000117292687011 0.000817643130853 0.000429153493295 0.999999566764614
1782875838.405612 -0.012046154650420 -0.014737861475186 0.001470167237424 0.000714437096405 0.000390333040900 0.001816682777056 0.999998018439756
1782875838.505593 -0.011082057044372 -0.015362640931861 0.004089255222079 -0.000835132521857 0.001081398160086 0.001098846289731 0.999998462833079
1782875838.605628 -0.011428288225672 -0.015297095421518 0.007651304704482 -0.000159937643932 0.001410072615987 0.001285001156627 0.999998167441918
1782875838.706754 -0.012437234771966 -0.013520783694080 0.007960451555584 -0.000051249420298 0.001207677377863 0.001302285996468 0.999998421468769
1782875838.806641 -0.009382685383956 -0.010873784162501 0.009807488675688 0.000308283958654 0.001608872345128 0.001099795126974 0.999998053468833
1782875838.905652 -0.008981349066201 -0.009206682861287 0.009607586269844 0.000427710122937 0.001507062165617 0.000994702268630 0.999998278196054
1782875839.006647 -0.009268133070116 -0.008294582319710 0.008693966613297 0.000019696964902 0.001392311614695 0.001139800750339 0.999998380966011
1782875839.106724 -0.007622577013778 -0.009278725667475 0.006054502768725 -0.000018444809562 0.001145728289930 0.001214855317511 0.999998605545542
1782875839.205605 -0.008282054425823 -0.009069102859240 0.005115948640919 0.000032705734093 0.001302644320987 0.000875197349519 0.999998768038094
1782875839.306791 -0.003560271914991 -0.009957749771495 0.004842538931701 0.000010409769285 0.000956675269531 0.001301631540165 0.999998695208848
1782875839.406745 -0.000996038876534 -0.010294139089994 0.004266269097304 -0.000099304077848 0.000825881578326 0.001065419768197 0.999999086469100
1782875839.506602 -0.005061276187708 -0.009172703927893 0.006180858008442 -0.000136924605427 0.001398762218508 0.000824177190078 0.999998672723052
1782875840.906816 -0.005983590274660 -0.007660993274419 0.007687756276738 0.000043186350716 0.001497269758429 0.000612452436614 0.999998690609254
1782875841.006685 -0.007058145674589 -0.011266701470103 0.006200073776019 -0.000501623565521 0.000947681363923 0.000802061561650 0.999999103485139
1782875841.105798 -0.007886513147298 -0.010362926470627 0.005500531746798 -0.000464512577728 0.000874368219841 0.000487483624184 0.999999391033813
1782875841.205586 -0.009365111677717 -0.007997140202917 0.005183921063868 -0.000628289142838 0.000956448292697 0.000238223107864 0.999999316854349
1782875841.305635 -0.012232028277036 -0.008325159756748 0.006423459211123 -0.000292239115431 0.001286390292912 0.000636343867475 0.999998927430822
1782875841.405584 -0.013220063746195 -0.005987313329264 0.006277137377413 -0.000121724026938 0.001284301789612 0.000118693483577 0.999999160831663
1782875841.505562 -0.010956505541311 -0.008074562392054 0.006985465616705 -0.000378251469533 0.001180100153127 0.000793625188782 0.999998917223670
1782875841.605742 -0.009073078054345 -0.005897174709678 0.005280496989920 -0.000297917407428 0.000795185245932 -0.000034876713454 0.999999638854563
1782875841.705562 -0.008885695488936 -0.005312243820055 0.004715733080406 -0.000444686182371 0.000897836640611 0.000166856616862 0.999999484151084
1782875841.806659 -0.007750396646716 -0.005277106261153 0.004812408101066 -0.000312200922255 0.000825279834916 0.000222404108314 0.999999585990009
1782875841.906720 -0.007126010355217 -0.005015662892785 0.004928061460334 -0.000294275739199 0.000997730027430 0.000351058667669 0.999999397347014
1782875842.006724 -0.008411797282096 -0.007294318422077 0.005828493994647 -0.000491160137366 0.001197841935807 0.000418420328148 0.999999074429993
1782875842.106594 -0.009144244078241 -0.008829620487903 0.008794624022883 -0.000535841469629 0.001793040021213 0.000493154857634 0.999998127338089
1782875842.206696 -0.008559500760014 -0.008678994030157 0.008042690285028 -0.000102856231541 0.001174560863317 0.000535715612056 0.999999161417726
1782875842.305650 -0.009053193918001 -0.008807040510664 0.007532024090722 -0.000494743231311 0.001306136741341 0.000375587598556 0.999998954084404
1782875842.405640 -0.010180511079809 -0.009925563541951 0.006418454621464 -0.000276926143822 0.001061941775015 0.000682026119706 0.999999165215625
1782875842.506675 -0.009144562727302 -0.009845965900142 0.006293392751546 -0.000427341488291 0.001064439876928 0.000216519634373 0.999999318732891
1782875842.606676 -0.010617216581005 -0.009400838427289 0.004420795943535 -0.000450482787143 0.000951836791339 0.000555988970922 0.999999290973870
1782875842.705596 -0.010200108944422 -0.009869639698377 0.004162968395502 -0.000203496610748 0.001089228781908 0.000618683230590 0.999999194700099
1782875842.805561 -0.009617839914638 -0.009046930219494 0.005132112108270 -0.000236464097941 0.001283689731189 0.000290431594808 0.999999105937045
1782875842.906744 -0.008974980948353 -0.008565939702807 0.005603660110994 -0.000861521005303 0.001160267571943 0.000340767601600 0.999998897718471
1782875843.005663 -0.009854951489638 -0.010748951763889 0.005811735957523 -0.000564836768594 0.001217062363213 0.000743412388954 0.999998823527630
1782875843.105551 -0.008968495380427 -0.009605208318287 0.006794862546333 -0.000294429990732 0.001150005261948 0.000437972240544 0.999999199489274
1782875843.205732 -0.007502136692416 -0.009238848680787 0.005458780405265 -0.000589199554865 0.000980341678876 0.000328480746685 0.999999291936985
1782875843.305685 -0.007914649919989 -0.009734120247654 0.005001405276214 -0.000311909702619 0.001145133384708 0.000749811573528 0.999999014581748
1782875843.405726 -0.009402733020145 -0.010249796937624 0.003104518902029 -0.000461532766623 0.000844615252706 0.000701854194588 0.999999290506380
1782875843.506641 -0.008092758476256 -0.008856573700388 0.003163996350342 0.000251752861168 0.000796035597380 0.000614743069802 0.999999462519243
1782875843.605537 -0.006372964963200 -0.008560713819123 0.002195890267034 -0.000260567611698 0.000823327207747 0.000604133774292 0.999999444629448
1782875843.706757 -0.008220433369220 -0.008163176225244 0.002394773616779 -0.000297566537538 0.000945356859032 0.000355230580668 0.999999445782742
1782875843.805567 -0.007922998762828 -0.008519224706920 0.005257288772688 -0.000602246854429 0.001108870837134 0.000272255531112 0.999999166790208
1782875843.906697 -0.010010723583562 -0.009088730770043 0.007676245234873 -0.000322283228618 0.001404713228922 0.000378205790160 0.999998889936702
1782875844.005547 -0.012244398622719 -0.006909340661417 0.008321811132912 0.000001975110999 0.001315944956363 0.000241892006965 0.999999104886209
1782875844.105574 -0.011740646605758 -0.006107335558289 0.008402511869846 -0.000155010107075 0.001242879180343 0.000262532900226 0.999999181149504
1782875844.205632 -0.012608767765749 -0.008064997833116 0.007221814236155 -0.000449224609515 0.001124266977662 0.000338489784989 0.999999209822523
1782875844.305706 -0.011478042569478 -0.007658018076038 0.006411987238545 -0.000144709076878 0.000950292580466 0.000429589419373 0.999999445727955
1782875844.406698 -0.011900477795690 -0.008016012740765 0.006624083926516 -0.000717230921974 0.001309655897575 0.000245034026017 0.999998855169121
1782875844.505768 -0.010449423462602 -0.007599821027431 0.007322207970210 -0.000535820672921 0.001229070732594 0.000289618633296 0.999999059200748
1782875844.605564 -0.010896011255716 -0.008997197059083 0.008531437439267 -0.000416284855796 0.001567316712293 0.000442768238377 0.999998587089762
1782875844.705600 -0.010473907216847 -0.011758256028145 0.006119370806015 -0.000519479883149 0.001162888124707 0.000973233667439 0.999998715323215
1782875844.804819 -0.009015043030984 -0.009613568607613 0.006227718815793 -0.000676400935324 0.001356451637178 -0.000010737237932 0.999998851202057
1782875844.905757 -0.008654343715076 -0.009220380434888 0.006975666743041 -0.000659779658793 0.001272272238970 0.000485219890688 0.999998855287245
1782875845.005623 -0.009374264726024 -0.007941225176983 0.004872655938056 -0.000419098671589 0.000883168872888 0.000157292157236 0.999999509813986
1782875845.105669 -0.008273688419860 -0.007915460293109 0.005738889638738 -0.000331895546007 0.001101308361486 0.000383776830249 0.999999264840016
1782875845.205579 -0.010770519122491 -0.007729974070530 0.006653799891005 -0.000727926160123 0.001180847240262 0.000262170790528 0.999999003494386
1782875845.306659 -0.010278031056341 -0.007619195614252 0.005726173911911 -0.000652018102288 0.001027561075729 0.000085636250417 0.999999255828248
1782875845.406744 -0.008092904914971 -0.007592747799148 0.004733899696867 -0.000486179214551 0.000826641986411 0.000512609825600 0.999999408761801
1782875845.505707 -0.008204946383443 -0.008485558122426 0.005203912911591 -0.000457199962148 0.001084986884045 0.000414387515835 0.999999221027012
1782875845.606653 -0.008035073160346 -0.009577922058933 0.006866324604938 -0.000678117453877 0.001201744785899 0.000457551733560 0.999998943305735
1782875845.706705 -0.007443790315537 -0.010273726586857 0.006664167135286 -0.000864137303648 0.001045925300215 0.000763417190238 0.999998788249849
1782875845.806604 -0.007244452289321 -0.011680592119498 0.008153770455864 -0.000674825639188 0.001256894374930 0.000683327039929 0.999998748944732
1782875845.906720 -0.006976303766998 -0.010496896364193 0.006062738861034 -0.001299828011414 0.000946367319854 0.000147065979548 0.999998696602960
1782875846.006628 -0.006136812715949 -0.009437293441839 0.005226195310207 -0.000397134423294 0.001009578954189 0.000281069844753 0.999999372016959
1782875846.106632 -0.005116882504870 -0.007065601975604 0.005419711889871 -0.000555570280171 0.001051733528798 0.000070129756146 0.999999290139774
1782875846.205610 -0.002762200275940 -0.008571900577635 0.005384283926286 -0.000813928968403 0.001004081573798 0.000512936100906 0.999999033117717
1782875846.306737 -0.006798531934448 -0.007879444138508 0.006986579714230 -0.000461650820832 0.001320047674153 0.000190588770952 0.999999004013786
1782875846.405723 -0.007805020113735 -0.004994349427154 0.006364088665054 0.000027019527915 0.001040473691063 -0.000127760056896 0.999999450180747
1782875846.505668 -0.002047611794495 -0.005594261449581 0.005294076379775 -0.011241681624670 0.000554939155493 0.001262830165018 0.999935858891331
1782875846.605611 0.008021213935430 -0.006907613687260 0.005879738244164 -0.013326485747013 0.002741937050494 0.001377425279907 0.999906490257179
1782875846.705653 0.020615573668844 -0.010053694426009 0.004741220538421 -0.011563545884613 0.006756416654166 0.004513359854923 0.999900127424422
1782875846.805595 0.030088096601506 -0.008270799085305 0.006105880863216 -0.017042162510953 0.013968637822060 0.006404373865975 0.999736678255688
1782875846.905673 0.041270697721539 -0.005442474834592 0.004627164180154 -0.018234150061669 0.015776741166239 0.011533300486544 0.999642732774853
1782875847.005575 0.054781064164277 -0.001608544609941 0.004326940413283 -0.026689873798458 0.013881852163529 0.012855725934348 0.999464694287807
1782875847.105641 0.067953448383265 -0.003154915595904 0.005026494187174 -0.024754238505248 0.016231009915385 0.017547553999874 0.999407757295169
1782875847.205601 0.090404957758166 0.000574216558177 0.009305733275077 -0.025447340295476 0.012728270997554 0.020461061123668 0.999385695798664
1782875847.305613 0.107218857993525 0.003301933881481 0.011550229066116 -0.022663303517666 0.010585565084054 0.025751623647470 0.999355379414662
1782875847.406624 0.123893348066095 0.003604543488483 0.014628096116477 -0.014870982825780 0.005799767796222 0.031639531972763 0.999371881023194
1782875847.505645 0.144776600450668 0.004575852333280 0.011671598911695 -0.022891839428313 0.008370449895695 0.030946939470662 0.999223791847211
1782875847.605564 0.164947604798812 0.008513041445621 0.019523766074377 -0.025127943291872 0.004983031805044 0.030883734821357 0.999194651098284
1782875847.705704 0.185517756986775 0.008088875510732 0.024615759634104 -0.026283955110891 0.000201189615189 0.028777162861982 0.999240205418131
1782875847.805643 0.202422972671268 0.006078246712500 0.027044683528216 -0.022675657927942 -0.003037072375555 0.029703508157594 0.999296898990505
1782875847.906830 0.225875663508445 0.004563864342015 0.028040737218660 -0.021200132717012 -0.005382273389189 0.031078465261877 0.999277596317910
1782875848.005638 0.255459431633413 0.008093456136199 0.036753554334092 -0.018793903370356 -0.008751532324787 0.037006303422394 0.999099961658027
1782875848.106729 0.281381340781568 0.011540309146535 0.042125570650273 -0.016139596270862 -0.012768206292558 0.041666767247906 0.998919599791385
1782875848.206705 0.307649389905642 0.016799733755011 0.046941634213808 -0.012665802040365 -0.018356921213461 0.045539718369305 0.998713539986851
1782875848.306656 0.340585022018617 0.019808411397771 0.047832771722072 -0.014453883267749 -0.018406479420389 0.046090943527596 0.998663062147865
1782875848.405660 0.377399550114017 0.026353232822118 0.058435880156463 -0.025206660239569 -0.009035053640542 0.041546813310141 0.998777680161625
1782875848.505595 0.413348526683582 0.035747843586610 0.069473243320666 -0.027653136942080 -0.009294327562357 0.041628428160331 0.998707161014334
1782875848.605538 0.450984293129209 0.038074458898312 0.078378646702499 -0.018319217719230 -0.008506611775469 0.044278875245719 0.998815010412446
1782875848.705586 0.493550938003271 0.043371212768711 0.081257502318861 -0.018934826369811 -0.007539581693755 0.045065481968261 0.998776115750262
1782875848.806681 0.539492067282036 0.051416315082540 0.090250755767904 -0.023576975242520 -0.010093392752651 0.047057294490923 0.998562897716680
1782875848.906786 0.578103516838548 0.060363494721539 0.100529275331723 -0.016368614613651 -0.009425089708113 0.053590610349924 0.998384336126088
1782875849.005557 0.613867072469546 0.068080492833106 0.107566019880586 -0.014966496909866 -0.010080170224929 0.056864307256191 0.998218836076910
1782875849.106712 0.657155257715550 0.077321840434931 0.109139037742904 -0.020362113155947 -0.005088357171355 0.057475052657252 0.998126300270237
1782875849.206645 0.696685441700652 0.084760286423033 0.122367834227187 -0.027325452154560 -0.009750049142488 0.055017260057044 0.998063804223992
1782875849.305621 0.736230083331073 0.091005991511639 0.131561292462490 -0.028123956026200 -0.003455927081386 0.057099955379497 0.997966279370745
1782875849.406781 0.771144211849198 0.091330497603731 0.136709664115126 -0.021857506447434 0.000438865570714 0.057867036707589 0.998084897627240
1782875849.506629 0.813861642517344 0.093698445585257 0.139182159770121 -0.019605884112648 0.006737019022595 0.060556260365044 0.997949478287070
1782875849.606577 0.850059466004681 0.100206846705932 0.149934068646940 -0.026780967452690 -0.007606352784169 0.061976665601601 0.997689238240301
1782875849.706647 0.880684508901640 0.106447259851090 0.156504773046712 -0.018314287635678 -0.006109964782568 0.068173593218786 0.997486649728395
1782875849.806628 0.907943564174530 0.111755714820077 0.164050515331797 -0.018105065911818 -0.006477742928945 0.071458853990866 0.997258180022190
1782875849.906970 0.950254851696575 0.119070825243964 0.165121171942527 -0.022191354917222 -0.002409501351828 0.072960483056070 0.997085004391493
1782875850.006721 0.990126550557172 0.128634276575576 0.179862707635349 -0.030167012200832 -0.007684515899958 0.070041501677456 0.997058216772225
1782875850.106650 1.035133042042235 0.135333262741386 0.189416135792081 -0.026894775976689 -0.001194540702598 0.074230598247771 0.996877656676804
1782875850.205604 1.075307402009020 0.140003612378230 0.194538806150254 -0.025693590079450 0.001019354911916 0.072670248368581 0.997024490845850
1782875850.306686 1.124594134056548 0.146616583343710 0.197546430536814 -0.022239323073087 0.009173239291541 0.075756012700927 0.996836140360988
1782875850.406688 1.163380240497770 0.155653384854057 0.207581909266013 -0.026360155474845 -0.007358983812013 0.077686786898888 0.996602102497234
1782875850.505569 1.198953534397930 0.164048681649366 0.212315750759185 -0.021461446150501 -0.004338710258407 0.082209695192435 0.996374501850973
1782875850.606754 1.232433780331998 0.173998536488471 0.218583813779607 -0.024136416237054 -0.002196647750780 0.083467751231350 0.996215710905151
1782875850.706604 1.277278069390433 0.190342309244788 0.222380269025646 -0.024597605124630 0.000052940150866 0.085196517179305 0.996060494387752
1782875850.806772 1.318383528858113 0.205290254647729 0.238281232634057 -0.040750756067011 -0.005990179325624 0.078742367881848 0.996043740571646
1782875850.905523 1.359994217804770 0.211117426940054 0.243242727255182 -0.033913361556453 0.002132924909254 0.083989243331048 0.995887112851620
1782875851.005548 1.405819257582568 0.219090913751507 0.245675714937169 -0.031297166740637 0.008734108944401 0.084806994838718 0.995867449172512
1782875851.105571 1.456951280358247 0.228226686989917 0.251282450371837 -0.036103726170222 0.009028303596733 0.088609646762103 0.995370956574217
1782875851.206679 1.494658109569073 0.236734507536097 0.263469265513421 -0.029240312871091 0.001766842161181 0.094131644801643 0.995128693093964
1782875851.306606 1.529689158059767 0.243926538641494 0.273856585990357 -0.023287807037390 0.002166228182762 0.098427567877185 0.994869337843225
1782875851.405588 1.566181645059718 0.254037424540094 0.278937578195174 -0.031201395831742 0.003838075161880 0.098830880516654 0.994607560364132
1782875851.506691 1.607583830289752 0.268078985375728 0.295154864065831 -0.039199144629027 -0.005097596834736 0.095836755598325 0.994611862910972
1782875851.606605 1.652542086074441 0.278366794548497 0.303563941907568 -0.036693252089129 0.002062131697016 0.100328314187157 0.994275405627804
1782875851.705622 1.697166014509054 0.285120321379434 0.309916658684844 -0.034307762015524 0.006501874530572 0.099150708826333 0.994459571844072
1782875851.806870 1.755196027193046 0.296118994449163 0.308085386373964 -0.034194085960811 0.015645302810326 0.100921485375174 0.994183505583819
1782875851.906781 1.794454176005003 0.312270348247451 0.322835342003147 -0.033387240523182 -0.000245212107542 0.104196622627490 0.993996124677696
1782875852.006570 1.830624977271644 0.325886650630306 0.327907887948437 -0.029187220969902 0.002686367306669 0.109897616961736 0.993510645815567
1782875852.106745 1.871308453104622 0.338255644689718 0.332855105475828 -0.035854722657381 0.003921240672092 0.109613952250097 0.993319608286705
1782875852.205518 1.917337406242970 0.353965705134581 0.341381177779291 -0.036041977060763 -0.002687483487121 0.110461349331217 0.993223058343880
1782875852.305642 1.960520598832510 0.367464962584016 0.354192311043727 -0.049482051404027 -0.000123100405593 0.107499295149923 0.992973017245381
1782875852.405561 2.003409442990069 0.374433827659374 0.359718661778278 -0.044774673654170 0.006602548763040 0.109079816230474 0.993002129222343
1782875852.505557 2.052393797613991 0.384013431794934 0.362128374218438 -0.040246059695278 0.014943478587091 0.112008843462043 0.992779414629959
1782875852.605623 2.099155248339646 0.397594692614340 0.370937258669148 -0.045173180908072 0.003947788938873 0.114901759011181 0.992341364886734
1782875852.705582 2.134443759590380 0.409706339099723 0.380421693939846 -0.035994754349004 0.001086223795683 0.121022739964263 0.991996317628624
1782875852.806619 2.167597445385068 0.418972186045129 0.387838765506264 -0.032373532887860 -0.000060888695578 0.124406269803211 0.991703096039617
1782875852.905579 2.214790846250540 0.435364127326697 0.397769288867439 -0.037266197331650 -0.002285056031540 0.126108552434467 0.991313594206313
1782875853.005578 2.266682143224011 0.453598736655173 0.414858160509709 -0.044827216451438 -0.003812167066837 0.120787421933105 0.991658402248582
1782875853.106609 2.319825796100187 0.470137694634624 0.427229988478934 -0.040162243477611 0.004219661998123 0.124563652132220 0.991389472013364
1782875853.205631 2.372041156563928 0.484067259510436 0.428934657879939 -0.038960715387265 0.008064874816607 0.124642309214499 0.991403709496978
1782875853.305617 2.432029162987623 0.501878269324347 0.431083239814318 -0.045033399797501 0.015528877257384 0.125527056853623 0.990945914200900
1782875853.406705 2.475144412964159 0.518966495136272 0.446322690414151 -0.034345038466309 0.006634829179333 0.131886743352218 0.990647406650036
1782875853.505599 2.521716564466256 0.530348258403312 0.456654479420894 -0.030389925926066 0.010620305069168 0.136217213895317 0.990155812062440
1782875853.606711 2.574252031733698 0.545664081603312 0.458523661632607 -0.036990630837607 0.011496724688469 0.138139681415897 0.989654963595885
1782875853.706623 2.626482785758636 0.567020063312138 0.479245690163960 -0.044473618221518 0.005679150640486 0.134050677652105 0.989959726630980
1782875853.805559 2.679798091114851 0.585760834035686 0.487753750350842 -0.043692420601477 0.007684557150713 0.136368711994041 0.989664334182278
1782875853.905575 2.736322999339220 0.606349533737962 0.491130257836755 -0.043769758964569 0.007724999239683 0.136279368678943 0.989672908722565
1782875854.006627 2.798757450674756 0.625317437731322 0.493102998435237 -0.049674581251084 0.010127067640053 0.138377101063975 0.989081218292844
1782875854.105598 2.847668732509319 0.640244387850018 0.507090359230064 -0.036765545940808 0.003945635094104 0.147157648613516 0.988421647400491
1782875854.205568 2.900529462859790 0.652750876833111 0.514580592117915 -0.034106650989514 0.007554211719440 0.149709194408305 0.988112760444462
1782875854.306659 2.958616701374253 0.673326820377582 0.523544153523644 -0.036149110996334 0.007006510531828 0.151360202293772 0.987792609683790
1782875854.405837 3.013393299968049 0.691354155434134 0.545532977297981 -0.048003918854422 0.002272890486463 0.148352171832564 0.987766212651555
1782875854.505586 3.065400386483105 0.707124273452821 0.559046129710770 -0.045446578034436 0.009359022866857 0.149595062099165 0.987658004894136
1782875854.606622 3.125661813644417 0.726539961194110 0.559340606769325 -0.042723574412942 0.013992075611194 0.151072524776145 0.987499878616304
1782875854.705624 3.179106720277144 0.746611927298531 0.570682477189120 -0.046590246105484 0.005437045527867 0.154515542730061 0.986876250883855
1782875854.806684 3.234027880607820 0.763910035553230 0.584885597524971 -0.035239010126558 0.010474775045971 0.164695591997103 0.985659095848935
1782875854.906802 3.291772586795222 0.786290495422620 0.590929123029092 -0.041508505425132 0.009977559025479 0.164963446825530 0.985375336359037
1782875855.005602 3.348310471649091 0.811011987356385 0.600083279820494 -0.041676852275435 0.005585018204591 0.165082203933006 0.985383028827201
1782875855.106730 3.400761944039079 0.834618537868219 0.613650547913912 -0.050475586068064 0.010197481950746 0.163641471097822 0.985174956802025
1782875855.206664 3.450398302589391 0.854896058522433 0.617686801042711 -0.050567967029498 0.011570638162414 0.162188659464944 0.985395270834990
1782875855.305567 3.507847775820198 0.874688578712653 0.616018370256376 -0.045971856457251 0.021574368509431 0.166200517337607 0.984783490455636
1782875855.406687 3.555769562334285 0.896388289687952 0.630846435954843 -0.046411798847152 0.009529683400065 0.172913472844381 0.983796757959154
1782875855.506654 3.600860441286875 0.909381613301824 0.638953059757791 -0.037521668534329 0.009713412877119 0.173228834758203 0.984118663987720
1782875855.605600 3.651294455263968 0.926745818330243 0.645369861074329 -0.045253001060177 0.008980199844751 0.162479565089455 0.985632747444056
1782875855.706702 3.704516133582775 0.940476044939326 0.659377777836541 -0.044429028854636 0.001601166980374 0.146705998557018 0.988180574412745
1782875855.806615 3.756174187027216 0.951063455778299 0.664194755171526 -0.038364433594871 0.010307600543433 0.128544993860467 0.990907719295482
1782875855.905613 3.814320438721181 0.957822237600012 0.665668501700646 -0.029194324806997 0.019207386351204 0.110105401893212 0.993305375089923
1782875856.006674 3.876111603038443 0.962169349760663 0.679338210070478 -0.037757938074613 0.004426475041825 0.088798978827906 0.995323809516360
1782875856.105714 3.924166425782184 0.963020336370295 0.697224522164365 -0.015490755691776 0.005275859682605 0.081831582738068 0.996511813206080
1782875856.205654 3.979452083540016 0.963167230643176 0.707511590191337 -0.008773125072910 0.002404536918734 0.071859242701789 0.997373300082254
1782875856.306685 4.044659887141820 0.969033187123043 0.715257161463918 -0.018649290494826 0.004107623255704 0.064046487299511 0.997764190006738
1782875856.406725 4.104943045603132 0.975936561304550 0.733770339240886 -0.021390552349497 0.008043184777633 0.054783869999475 0.998236684878229
1782875856.505604 4.158329611886240 0.984255977361014 0.746778250389321 -0.023966496960455 0.003251803080883 0.049874411479929 0.998462606149914
1782875856.606696 4.216072262800419 0.993066326010600 0.750960946183826 -0.019197543126172 0.007770387790135 0.049084403602522 0.998579890011047
1782875856.706638 4.272588454082208 1.002922150356577 0.764218063251309 -0.022203650511011 0.003651568629337 0.048552468575770 0.998567134320826
1782875856.805595 4.322490810133823 1.016601135251515 0.777182133014733 -0.015493838438628 0.006914587393887 0.054065098866729 0.998393256455651
1782875856.905540 4.375156490951780 1.027027574165158 0.780521805918096 -0.026715091669731 0.009914303394796 0.053410494270068 0.998165982974314
1782875857.006650 4.435646671121916 1.035626268071725 0.797282406738487 -0.033047036614059 0.000795398829282 0.049964301575154 0.998203801475339
1782875857.106753 4.494181010599125 1.043799913229492 0.805322567640952 -0.034167097674048 0.008273250303245 0.046642551113991 0.998292860433004
1782875857.206690 4.552750190462661 1.049844535222883 0.807747224778236 -0.032727643407854 0.013134804359114 0.046121735225550 0.998313159189629
1782875857.306594 4.619528294138862 1.050560428788381 0.810229664435525 -0.035655674095928 0.015351354985868 0.048689297055242 0.998059297415292
1782875857.406791 4.668587155367344 1.060361179875273 0.826878274243745 -0.028131531579660 0.007071213128000 0.052000844484415 0.998225689435393
1782875857.505572 4.711123405770958 1.060320457377241 0.839210257123658 -0.018742997838223 0.006800995047185 0.048880170423276 0.998605615564910
1782875857.606657 4.769424928215432 1.062289249049961 0.845750264638223 -0.023520975361809 0.006878585265790 0.040985959833193 0.998859149169341
1782875857.705688 4.817459995261316 1.060509331773218 0.864461635691591 -0.026482508129634 0.002850323715317 0.033149188077445 0.999095432752880
1782875857.806708 4.870361001017499 1.054966835925108 0.871306192314373 -0.020250309372413 0.009496320597666 0.028629849685745 0.999339820367615
1782875857.906849 4.930038292779235 1.054603024096848 0.871516560050392 -0.013227138211893 0.017393249327520 0.027345336007187 0.999387187375937
1782875858.005606 4.989664667375714 1.060974539824866 0.885732223387696 -0.022506279439024 0.003059609863085 0.022832974985957 0.999481246160510
1782875858.106726 5.041328557878775 1.059092945962641 0.901703828690237 -0.011960921014678 0.008538056808053 0.015573205064834 0.999770730336915
1782875858.205654 5.100463284710151 1.063368679144937 0.910521776452043 -0.019584002317368 0.010115405006371 -0.000282812039735 0.999757003202337
1782875858.305621 5.170774565376017 1.068462883442426 0.926089452031551 -0.026417380416555 0.001871269660514 -0.011881060127974 0.999578641614553
1782875858.406759 5.235442909029610 1.065347112778694 0.939494639815556 -0.022350900768001 0.009504486126243 -0.020839440151851 0.999487778670889
1782875858.506699 5.303207800302954 1.063615253160688 0.946587351059682 -0.013764986140394 0.016462251356238 -0.025050057534760 0.999455858982435
1782875858.605651 5.365305477708500 1.057926489773412 0.954236374043536 -0.022595230640534 0.013335718836362 -0.027260992270913 0.999283969878331
1782875858.706677 5.415043332594807 1.052915781817318 0.967547702100331 -0.005992951157279 0.007891259724105 -0.019944263241775 0.999751988705253
1782875858.806656 5.465848887234436 1.049552269354921 0.975777359985989 -0.002637378946967 0.008987166490909 -0.018539049483301 0.999784266086931
1782875858.906938 5.522668614857939 1.048979550631863 0.981191890772266 -0.002253129894945 0.007659486770957 -0.016647248778585 0.999829547861113
1782875859.005561 5.574044918651053 1.051482642653606 1.000756662202524 -0.015979402004515 0.007619086762356 -0.021395696929455 0.999614341824566
1782875859.105658 5.629809578017507 1.050904559449569 1.013379364081855 -0.011919741098491 0.010756261360155 -0.021003171089644 0.999650483628077
1782875859.205564 5.691965547458835 1.044411679082315 1.014826695392089 -0.007503031109588 0.016907887989002 -0.018440866569354 0.999658822943139
1782875859.306663 5.751296278215707 1.043298260956343 1.024760045344711 -0.013439396364743 0.009674030775324 -0.017876295827384 0.999703072817811
1782875859.406698 5.808265860179468 1.043230444164406 1.040007524734668 -0.007250845918846 0.012159362363491 -0.012025839751225 0.999827462274679
1782875859.505584 5.870394192916191 1.043871317440814 1.047412211943055 -0.013558105685745 0.010956574628345 -0.010670261578910 0.999791116564074
1782875859.606672 5.936240213459111 1.050329646493481 1.062108025598310 -0.021086146637658 0.008928494899673 -0.014264359720012 0.999636025981734
1782875859.706634 5.995974258845957 1.054970411254586 1.074913517820313 -0.020155265972502 0.012166771523607 -0.013172899803506 0.999636038583548
1782875859.806750 6.058418518147263 1.056341215721963 1.080445639976580 -0.016446087496011 0.013490084401923 -0.012720585061743 0.999692818091918
1782875859.906668 6.126227030719062 1.055984949449250 1.088785665084508 -0.027607266899825 0.010878523592006 -0.011816980283393 0.999489797604625
1782875860.006625 6.180983810756174 1.053402917245141 1.108173465901849 -0.002469200015939 0.005397244622774 -0.001418699855564 0.999981379872873
1782875860.105594 6.236558530307350 1.045016414800166 1.114828760966798 -0.003513808792755 0.004530914770187 0.000488475965557 0.999983442538083
1782875860.206674 6.301515590344580 1.042854871300248 1.118433156779613 -0.008311840437647 0.006707917091648 0.002735523060172 0.999939215187798
1782875860.306646 6.366496604980219 1.039693619296443 1.140607383480728 -0.011976797527875 0.008317192020362 0.003975972272968 0.999885779618017
1782875860.405611 6.428618813980088 1.039646681830420 1.149661547947446 -0.011189329933203 0.009807016405186 0.004902321738416 0.999877286753939
1782875860.506669 6.493829538209677 1.042571025227172 1.154322674781699 -0.015594034670612 0.014635520328651 0.008286309579410 0.999736947752221
1782875860.606629 6.551179278010760 1.050929634048559 1.172267323778904 -0.010488446661395 0.006630157598725 0.016653160397374 0.999784329615942
1782875860.705603 6.604580320599035 1.055277459910360 1.181687738641693 -0.012755756617312 0.010348208448880 0.020558585436238 0.999653714953259
1782875860.805545 6.674356501588379 1.064250668351393 1.191333740624950 -0.009467436707394 0.007631937615178 0.023633916291249 0.999646717181195
1782875860.906627 6.732400652642324 1.066950734812266 1.210210026481386 -0.022272124572947 0.010450140926542 0.021288693478023 0.999470629159053
1782875861.006748 6.792942403992605 1.068712403448879 1.214324376493150 -0.024076234035084 0.014685947619476 0.020241195716011 0.999397294319514
1782875861.106689 6.864390068989684 1.073792951288937 1.215624760196826 -0.018459989679109 0.022371196413184 0.024150775131192 0.999287495374892
1782875861.205726 6.921814199100722 1.081062569648364 1.229263261409415 -0.022857561067460 0.009268924503614 0.030690449408819 0.999224556971880
1782875861.306732 6.975962203425035 1.083480561980340 1.242440904982491 -0.021301039529087 0.011138539779255 0.034202800099483 0.999125801444389
1782875861.406727 7.044699328761526 1.091420095138143 1.248748444693280 -0.023720963154379 0.014809774821660 0.037643908091468 0.998899856171945
1782875861.506587 7.104003624534894 1.100223017732259 1.270929516988130 -0.028437392339184 0.008920095723901 0.032921917960920 0.999013460333227
1782875861.606835 7.173605756505934 1.108257790473881 1.281216956267545 -0.026902775534315 0.013091473051472 0.033556685246714 0.998988890267112
1782875861.706703 7.244856376597733 1.116329062178797 1.285714544423977 -0.021501849512793 0.015571234151641 0.037171554439709 0.998956196574719
1782875861.806642 7.305965515088578 1.126044864147401 1.294836275746775 -0.021419844554440 0.011043939991659 0.041803456820326 0.998835167906379
1782875861.905668 7.361831966503392 1.127252950117626 1.313243340190332 -0.014773416301686 0.008832667291104 0.037346507979606 0.999154126499511
1782875862.006712 7.433564491972290 1.128321179059077 1.320431099202303 -0.023035519701079 0.009570318434639 0.018926736277747 0.999509656026895
1782875862.106673 7.503214273678350 1.122102091516119 1.337836243081004 -0.023751873366624 0.004982258836974 -0.000188705593758 0.999705451619939
1782875862.205597 7.567120938490652 1.116701090799212 1.344630786410400 -0.015596646434379 0.014981116492564 -0.008232704855337 0.999732230819519
1782875862.306699 7.636786858724736 1.109601074285632 1.349475089442390 -0.005644181812423 0.020859332233689 -0.012403897459833 0.999689539206152
1782875862.406636 7.699074331425548 1.109473199181590 1.360406901362931 -0.007326254017487 0.013181002636936 -0.016480412129059 0.999750460458800
1782875862.506757 7.754216274655689 1.115246952710852 1.373858613270512 -0.007414184293708 0.013183587874680 -0.016390751733054 0.999751252132051
1782875862.606661 7.820969897040416 1.117456719377306 1.382517948826210 -0.012523861786913 0.015632367393216 -0.017021650941089 0.999654462989504
1782875862.705650 7.882738593913240 1.111398804103121 1.402353741902112 -0.014025381466537 0.010423296423167 -0.023483312879165 0.999571496983873
1782875862.805665 7.946033745804647 1.103903571948200 1.412723819485894 -0.013157457884413 0.013128591918609 -0.023265278834879 0.999556525753776
1782875862.906708 8.014127893670990 1.095355044771313 1.416977431509022 -0.008603630619825 0.017565436484540 -0.018396005785707 0.999639444976221
1782875863.006581 8.080186255381054 1.090425633049992 1.429016314720227 -0.008121238087378 0.009110016599121 -0.013025277986629 0.999840684920768
1782875863.105582 8.135371927677284 1.089162988617147 1.444491802065205 -0.002972786911633 0.009428871562224 -0.004903628506574 0.999939104819127
1782875863.206657 8.204622077635372 1.091354488450284 1.455774406298147 -0.010442019855742 0.007494378068142 -0.003016393540291 0.999912846146444
1782875863.306605 8.271484302632683 1.094746282467898 1.472892273918463 -0.018886713467663 0.007376802394102 -0.006523162684671 0.999773135861024
1782875863.405584 8.338407063141526 1.094356935916942 1.489043721250636 -0.016902159378433 0.012332282779089 -0.002094597869801 0.999778897791673
1782875863.506688 8.406900686164764 1.095221890841907 1.495949037722776 -0.013388991114695 0.013777061613403 -0.000893018787986 0.999815047900181
1782875863.606611 8.471136301065417 1.098829897124986 1.500997407128155 -0.025408222681957 0.010205290486101 0.000680271658629 0.999624835374089
1782875863.705628 8.520264204463496 1.101214363888147 1.517108637172107 -0.012707342126178 0.009035781789171 0.008323821101201 0.999843783851151
1782875863.806767 8.580069103427451 1.101588744857444 1.521283677482321 -0.015362741650193 0.011054634806123 0.010709955874022 0.999763511068209
1782875863.905735 8.651912883074514 1.103950078230818 1.531733265658498 -0.024995689800710 0.012110248607207 0.007098609754161 0.999588999093918
1782875864.005601 8.720178884466094 1.102009720711637 1.546326748757936 -0.020268007479754 0.014489895447210 0.009167885944834 0.999647538220345
1782875864.106626 8.797838508175841 1.103322729078234 1.554241311885698 -0.018552066500058 0.018529811331310 0.011462475308231 0.999590455426808
1782875864.206670 8.871516868656045 1.106564278550152 1.560013015518694 -0.029218363416808 0.014563936221742 0.012805704873368 0.999384907292296
1782875864.305487 8.926419705327925 1.113730353848555 1.573973427603867 -0.012469333748047 0.012371779828561 0.022081220141698 0.999601857989855
1782875864.406697 8.983353832785054 1.122123264681623 1.584195151310844 -0.020067109672475 0.013597307667771 0.024247341465890 0.999412072553349
1782875864.506734 9.042908786700488 1.132660367610515 1.598700823865524 -0.027441532817407 0.007292373458455 0.022258508812413 0.999348959248662
1782875864.605608 9.099730564255433 1.136223649952664 1.613132121472436 -0.026405338893826 0.012616179725847 0.025167598434489 0.999254813386471
1782875864.706702 9.160124756524500 1.134214718229011 1.619000676520948 -0.024889305968151 0.016018475824916 0.025034310270419 0.999248324586996
1782875864.805631 9.225975633198388 1.134120646343048 1.620715433433187 -0.030247117163197 0.016281754562804 0.027653436958885 0.999027178707365
1782875864.906772 9.280311521012912 1.139343126968721 1.634713853192172 -0.020659120546505 0.007764519744272 0.035609218379544 0.999122062882082
1782875865.006692 9.334855516253153 1.144018404131991 1.645605132149091 -0.019354408620254 0.009135573369587 0.038602351945235 0.999025428400313
1782875865.105654 9.399402353608194 1.153796442563037 1.656688804104686 -0.018273548054967 0.004517515496481 0.041788925188300 0.998949125444731
1782875865.205585 9.455546584405198 1.162111401868275 1.674893996448567 -0.033545336664346 0.006435523921392 0.037766119999982 0.998702665761960
1782875865.305566 9.514499056412768 1.170297631321432 1.683926828636944 -0.031222099426980 0.009276764130341 0.038173142504621 0.998740173091043
1782875865.406723 9.585655530423312 1.174654413214747 1.688180009659056 -0.023814353908671 0.012975435758866 0.040879915033571 0.998795948711043
1782875865.505595 9.644929170324566 1.183584741196350 1.704650340721349 -0.026948756952732 0.007318429804967 0.043575136746387 0.998659808213683
1782875865.606672 9.697563944381676 1.192465311441812 1.718399313603828 -0.018746425044254 0.006500395577561 0.049755809420249 0.998564307310398
1782875865.705720 9.753599639056297 1.202879745883756 1.723334167030625 -0.023929009747329 0.006927012129402 0.051598727897057 0.998357145652216
1782875865.805603 9.813252663021066 1.212788085961442 1.736773189032703 -0.033247460264393 0.004068507665609 0.047815856498807 0.998294394203729
1782875865.905563 9.868084638569700 1.217489884224576 1.751697567436723 -0.029942674297241 0.007464591223431 0.048336427596024 0.998354298784261
1782875866.006703 9.930570386339893 1.225109269524641 1.760806526883995 -0.026852871107438 0.008315669184100 0.043761402345493 0.998646440250015
1782875866.105636 9.996501589986119 1.226150972144969 1.761832685961658 -0.033860153341594 0.009626457256629 0.036501024101476 0.998713420644719
1782875866.206758 10.051295772496486 1.231277875039207 1.780550592017725 -0.020316936955618 0.002203067937699 0.038866561233248 0.999035414278327
1782875866.305765 10.103156228713424 1.231541071968325 1.786795588722803 -0.019507083092722 0.005031063691913 0.035302730341240 0.999173598198910
1782875866.405641 10.164352180041906 1.238314071484011 1.794880311045500 -0.018769833388992 0.002283065662840 0.036585839581512 0.999151618778555
1782875866.505608 10.221064451497121 1.241578664461458 1.815175259693225 -0.030271731551164 0.004622678610542 0.029905339237028 0.999083541950541
1782875866.605682 10.274390090527540 1.242801970925398 1.822907986950229 -0.021049041392403 0.010609504939166 0.032462965073728 0.999194942020821
1782875866.705560 10.334853339351215 1.244736035325419 1.821742490435552 -0.015521811710992 0.019352483743518 0.032699526834441 0.999157292761721
1782875866.805660 10.391311492841524 1.253453261231512 1.830575722104336 -0.030172355687956 0.010121177528547 0.031802046031290 0.998987397611132
1782875866.905830 10.432015608902072 1.258487719939001 1.839668188300837 -0.014699796384490 0.011746680331524 0.040755233182854 0.998991963158672
1782875867.005706 10.476713072509847 1.265066591057472 1.846795376709885 -0.019703883659551 0.015965575325042 0.041274375771719 0.998825952445114
1782875867.106722 10.531872343820456 1.272072218866672 1.857106215143972 -0.020721839082466 0.012409263912235 0.043334682536458 0.998768602251605
1782875867.205545 10.582792290507390 1.279639195493094 1.870331676567119 -0.035462528431861 0.012627878678433 0.038437764449870 0.998551693214408
1782875867.305624 10.632501357113771 1.283551961626684 1.878274249026918 -0.033526841785153 0.017287697973186 0.038774785422011 0.998535729152514
1782875867.405578 10.687248550108320 1.290174273414918 1.877125389386418 -0.028109317395518 0.023905049646073 0.041812141848336 0.998443869063752
1782875867.505537 10.738498003654591 1.295459849803144 1.886258952964707 -0.030879093796329 0.011099386154962 0.045743471165690 0.998414152563442
1782875867.606676 10.783605242108083 1.294891944983450 1.897478748165739 -0.013370471176827 0.009915454482312 0.054582665695176 0.998370495792263
1782875867.705628 10.827702440521840 1.294300098888326 1.905394790326257 -0.010000821728844 0.006977428593850 0.056059832457337 0.998352940717752
1782875867.805776 10.879632928297598 1.299039883754234 1.910243147149386 -0.015071680336778 0.005298219659196 0.057368466769256 0.998225241286143
1782875867.905619 10.931205671806776 1.311281715048311 1.923110005580909 -0.025588106365253 0.012028931322654 0.054948834972772 0.998088763166370
1782875868.005646 10.975286924707598 1.323072771402267 1.934297665748670 -0.028624454527595 0.006168355635342 0.056451878860311 0.997975840070720
1782875868.106768 11.026056879870502 1.338341758303156 1.940690515803613 -0.034418601040488 0.000799133046678 0.053698339588745 0.997963531204505
1782875868.205650 11.080900191756898 1.348427746509425 1.942574171696612 -0.027156233108342 0.005875238135709 0.059360546159040 0.997849861522202
1782875868.305704 11.125039068023211 1.365762209387911 1.950894406874994 -0.030436480228674 0.001520050099340 0.065663370943280 0.997376374211517
1782875868.406842 11.165193042278311 1.375743059990124 1.957088124055065 -0.022091643782741 0.001166583101627 0.070248165125411 0.997284209067464
1782875868.505742 11.214618723415080 1.383961303896173 1.961382058974780 -0.025357795591703 0.001549240233717 0.071652819057368 0.997106040287853
1782875868.605589 11.264611488345871 1.394380458048438 1.974555265488844 -0.029487027665675 -0.002180489349258 0.070102185172276 0.997101521561207
1782875868.705631 11.317637293850783 1.395068178509224 1.988225698502398 -0.030887956793104 0.005042881910643 0.066066970896518 0.997324249591727
1782875868.805733 11.368782064544272 1.393120206944638 1.996413152930240 -0.024620515244590 0.008467963004534 0.051380744562354 0.998339693150495
1782875868.905709 11.425192063417361 1.392803892532114 1.999004451690269 -0.016832862998559 0.016928334261817 0.044867967836567 0.998707640746065
1782875869.006853 11.477150934727888 1.396062455092611 2.013239834742014 -0.024419713162717 0.002909148756855 0.038843133031076 0.998942653748879
1782875869.105711 11.523054152513545 1.397230748041254 2.023805420794411 -0.010929541606997 0.005199502755623 0.040544929783405 0.999104408437965
1782875869.205711 11.569403872474750 1.396962481016250 2.030908280187172 -0.012180014421884 0.006315196967302 0.037252683979680 0.999211690820427
1782875869.306830 11.621406986596252 1.402601780232460 2.040390622740670 -0.013559070639878 0.003549084797715 0.036954525392111 0.999218654076016
1782875869.405755 11.672817420817724 1.407794048476966 2.055929683289009 -0.027787351769259 0.004750702035305 0.031426134207185 0.999108448568310
1782875869.505709 11.719693191603319 1.410624942330711 2.062809205687820 -0.020786262438894 0.008443567323722 0.030154431017414 0.999293424252681
1782875869.606810 11.773230626769006 1.418924535980971 2.064730586935414 -0.018078542470130 0.013963390903848 0.032208335461309 0.999220102451604
1782875869.705725 11.827694589299693 1.426437752784213 2.073221657049134 -0.029654504371849 0.003552391507280 0.032062371045062 0.999039536378800
1782875869.805628 11.868713439640764 1.434680255295392 2.082533663299321 -0.014404340836784 0.006214546525396 0.040321020870273 0.999063616419135
1782875869.906802 11.915269141014971 1.440556594552067 2.088547565007097 -0.018095773460839 0.007169673483488 0.041504192093103 0.998948717804699
1782875870.005734 11.968829302935818 1.445229253204880 2.100892123997060 -0.016199096386444 0.000848587094657 0.044656239927971 0.998870707054551
1782875870.105676 12.020437617382248 1.449655550593589 2.120069491619113 -0.031670380382710 0.004712996460673 0.039804900947103 0.998694319865356
1782875870.206787 12.080790124325178 1.452696638970999 2.129103311419753 -0.026124219191966 0.010225796035547 0.040607808166904 0.998781239402747
1782875870.305743 12.142655593187154 1.452438266590375 2.129876100699065 -0.022835761410938 0.017713662685100 0.043618516928412 0.998630151325296
1782875870.405736 12.195456249163456 1.460906064378056 2.141448217129764 -0.027510567861999 0.003270866608224 0.045193687420548 0.998594011951220
1782875870.505809 12.240250014609767 1.466051362303028 2.150625729401872 -0.016738332498339 0.007370990005609 0.053350893506616 0.998408322728490
1782875870.605782 12.286072643783216 1.472600901199707 2.155855425669487 -0.022939184158346 0.008631509031097 0.054250703655061 0.998226503372299
1782875870.705751 12.343870505701631 1.484511555860696 2.164697230047735 -0.023466665658308 0.003492481178273 0.055711794077982 0.998164973428076
1782875870.806875 12.394756447009103 1.491588344720376 2.181631032267928 -0.038062821096302 0.007026857580577 0.051031917809870 0.997946686094673
1782875870.905802 12.453299279899507 1.498863132414744 2.190054879219995 -0.032647159597277 0.012226729959591 0.052844537281540 0.997994050545486
1782875871.005724 12.515909054714415 1.506888675073950 2.193261573666240 -0.025310969298238 0.019497192882308 0.055799969193461 0.997930647761087
1782875871.106846 12.578403066654950 1.519977269983473 2.204418297062166 -0.027500008643694 0.008775348819714 0.058608619752627 0.997863604140536
1782875871.205812 12.623378237160727 1.529707826832680 2.213277992444261 -0.021393089279128 0.011217057879899 0.065481140566267 0.997561393385747
1782875871.305759 12.677144759298184 1.540476338622301 2.217332860043265 -0.027180532897143 0.011465208379815 0.066349618053672 0.997360263802566
1782875871.407008 12.732589579598388 1.552183710506524 2.227624766203197 -0.036319815519478 0.005343570567874 0.064072186674569 0.997269809103292
1782875871.505833 12.778412277794605 1.557639620148840 2.244143606319819 -0.037097036680305 0.009202369321954 0.066675713548554 0.997042363940045
1782875871.605867 12.831755430551079 1.564981345430861 2.253684507361668 -0.037759887806641 0.010186319174268 0.065650132949406 0.997075969933181
1782875871.705740 12.891213909225936 1.571011811987447 2.256108530583067 -0.028841641524084 0.019857249609919 0.069645606478517 0.996957039621228
1782875871.805774 12.948042904779902 1.580756849185950 2.269175283870519 -0.032325721492872 0.009339368036635 0.073443483467203 0.996731598109944
1782875871.905814 13.002032220856661 1.592524786025171 2.280063835137930 -0.025717125971951 0.011050799232141 0.076986813983544 0.996639122120286
1782875872.006985 13.053139986311526 1.608445322765394 2.283845667726087 -0.033164039037216 0.011419744548742 0.078028466045544 0.996333927172872
1782875872.105880 13.103432163977686 1.620093740425401 2.302348287719886 -0.040862298391203 0.006390094644757 0.071939260999553 0.996551143688780
1782875872.205870 13.154511822947864 1.624185703618376 2.315315847662875 -0.036345811938494 0.011976964428809 0.074165879669348 0.996511393096152
1782875872.305781 13.204781831667072 1.633399110064316 2.318142646525952 -0.037522035541224 0.014130612538398 0.073894582079304 0.996459739968161
1782875872.405899 13.264420018320163 1.644404967303761 2.320272656070463 -0.039338514932337 0.015077890287636 0.077112746148764 0.996131900326832
1782875872.505857 13.310315000279495 1.654767799445657 2.335548126058053 -0.029441176930896 0.007978190491166 0.085593065561147 0.995863139545396
1782875872.605737 13.359897264679672 1.660855240219021 2.345365343503332 -0.021401192291467 0.008121691196540 0.090056606377434 0.995673558325393
1782875872.705883 13.415389894990865 1.671191329434529 2.349805431992611 -0.027414380398691 0.006401415913029 0.090580442622900 0.995491163715610
1782875872.805803 13.471512032706560 1.685446992943792 2.360899026565694 -0.037290859178271 0.006564235434341 0.085164941160786 0.995647144038461
1782875872.905753 13.519454302634349 1.698573575364372 2.371033721162607 -0.035694658189753 0.007965108112218 0.088901450211694 0.995368766126248
1782875873.005978 13.568661426359260 1.710471030007957 2.377655506524803 -0.036703577261981 0.008612258052945 0.089630421598410 0.995261304357529
1782875873.105832 13.630804890569824 1.724532412116510 2.378207915781158 -0.040066340383053 0.010650857516338 0.092170605878539 0.994879805310376
1782875873.205772 13.681240050903627 1.738052918876672 2.394542793947045 -0.030130016850220 0.003981833428235 0.100129910739163 0.994510094500039
1782875873.305752 13.728324409476725 1.750443526646432 2.403250215551664 -0.028650415095668 0.006747832522289 0.103492598191517 0.994194599960500
1782875873.405901 13.777205724865976 1.768517121100778 2.409702409173307 -0.032630203223050 0.005985318734000 0.105474707343615 0.993868468112359
1782875873.505812 13.825185677755831 1.778821335246344 2.431354021097700 -0.042768695383936 0.000560942648522 0.101065070086877 0.993959946701470
1782875873.605831 13.871724122434758 1.789740586050393 2.440404837850173 -0.039346427806058 0.007935270371725 0.103387993392180 0.993830877425994
1782875873.705899 13.928805599026063 1.797838015570987 2.442828517502119 -0.039859472603703 0.013626055281687 0.104900067312943 0.993590221841432
1782875873.805895 13.987719748911610 1.809139380854880 2.443848651475729 -0.044890536578823 0.008316753252545 0.108254027460103 0.993074386377788
1782875873.905573 14.039402380298862 1.822830023375333 2.457507897126779 -0.032168848377358 0.003105054857206 0.116900636619879 0.992617632820527
1782875874.005865 14.086415822168521 1.836109699747073 2.466316712165654 -0.025336886229590 0.004577016855770 0.118495013445664 0.992620786051428
1782875874.105845 14.141246215428962 1.853813579959579 2.472277631971539 -0.038392572683717 0.003429355255024 0.111658036245942 0.992998858421757
1782875874.205968 14.197331650163628 1.870610325704416 2.488407522787710 -0.042320480009713 0.001888394466644 0.104110997303106 0.993663077294608
1782875874.305961 14.246104543461948 1.881449584708636 2.496011851488421 -0.039405516220725 0.007480225819530 0.100436244423583 0.994134705318704
1782875874.405837 14.293256244789738 1.892647476868585 2.499858808721702 -0.036137242782212 0.013183697170997 0.099742789698803 0.994269413044601
1782875874.506001 14.344901679134985 1.902523947196109 2.506395294858941 -0.043843433926744 0.009077600407254 0.098544288539171 0.994124928602345
1782875874.605975 14.383987860575695 1.911481059730640 2.519658317266694 -0.029726606652485 0.006622839044023 0.104376019971835 0.994071483000451
1782875874.705605 14.428943476788417 1.919574839163548 2.526449186991696 -0.030978595004193 0.010548018915824 0.104927637005430 0.993941274392469
1782875874.807044 14.489758260266241 1.932954790629145 2.533877451053056 -0.030964084984429 0.007453968829740 0.106730587098707 0.993777764677435
1782875874.905710 14.546765334755454 1.945553089019886 2.551248140848139 -0.044572355672122 0.005982613873287 0.101039234800650 0.993865477050054
1782875875.005893 14.599037110521712 1.955106912786686 2.560085288736533 -0.039796788451206 0.014002937565718 0.099534085776355 0.994139376112382
1782875875.105633 14.661982226411423 1.959683489819774 2.564441356622348 -0.031067409392449 0.020182829286576 0.082013782002852 0.995942372347502
1782875875.205826 14.707347701783995 1.964629198934326 2.574445955771600 -0.038096196721203 0.004007356586374 0.061319280486336 0.997382858650156
1782875875.305586 14.738898108063060 1.964772206452401 2.583260521818683 -0.013562678536862 0.003117133654695 0.059498314289519 0.998131398076095
1782875875.405895 14.776624275186753 1.959105264865637 2.590167104739012 -0.000519323932562 -0.000780730547760 0.052823812208624 0.998603407577884
1782875875.505958 14.826626073898392 1.958183352616518 2.593198771753823 -0.003467273728513 -0.000127316004270 0.046441624895408 0.998914980006081
1782875875.605916 14.879700788407506 1.966259699147561 2.601216871905810 -0.014319247159022 0.015328419251369 0.035955827405230 0.999133212939900
1782875875.705924 14.928505810025609 1.970393567275226 2.614528502668841 -0.017277185609943 0.004231178511308 0.031320392891563 0.999351103954397
1782875875.805583 14.983375533459254 1.974403123269219 2.621102684385805 -0.017501703939247 0.001794712141283 0.028914206165579 0.999427054891609
1782875875.905693 15.044537471799220 1.976937977233894 2.627597981359037 -0.025129287334311 0.000566999507110 0.027585328426241 0.999303380903513
1782875876.005885 15.098475682865677 1.977680642161403 2.646611800866223 -0.013509693657393 -0.000191975203050 0.033113486407565 0.999360269542815
1782875876.105564 15.149802327598980 1.982544731786948 2.658193431553910 -0.016483685675192 0.000263407358050 0.034374950299206 0.999273026512273
1782875876.205885 15.210437999652633 1.989773570711475 2.663410355256259 -0.015126985067823 0.001797064580723 0.035639970906826 0.999248586366454
1782875876.305850 15.261593969064679 1.996336959414037 2.681379797430966 -0.028234181842646 0.003893274833122 0.031019129505483 0.999112349534035
1782875876.405965 15.309252569218634 1.999175405062151 2.687290778967538 -0.022383870936649 0.010326134877139 0.032623130996240 0.999163682578755
1782875876.505948 15.359656055292398 2.003717177352048 2.684277456449211 -0.017243852427547 0.018693184012234 0.035017111890170 0.999063069230246
1782875876.606004 15.411078903086715 2.010041667824578 2.695137314359723 -0.025616752081864 0.006281277234737 0.037342317072376 0.998954392815152
1782875876.706054 15.462106285201042 2.011746809946216 2.704252028036604 -0.011836759057484 0.008816857545207 0.045613794594246 0.998850106823192
1782875876.805691 15.520345570015305 2.016506308685440 2.709473029449736 -0.017619991620936 0.009434923371249 0.047363495755548 0.998677734499982
1782875876.905591 15.578842238191978 2.021129246364850 2.719448263987083 -0.018373283510984 0.004811377301674 0.048159486464773 0.998659069435050
1782875877.005980 15.632682824355896 2.025801791038691 2.735339007440514 -0.028320452105355 0.009675629801655 0.047204950000531 0.998436791627733
1782875877.105906 15.683118419194198 2.029175724955866 2.743133180656760 -0.029295070151376 0.012191353579195 0.045927551795522 0.998440699164826
1782875877.206026 15.741628760206277 2.034869502694800 2.742376870297931 -0.023774269948520 0.023239332054066 0.050176575988442 0.998186870659055
1782875877.306012 15.788951115123970 2.044996558470329 2.750431165248278 -0.024240810585677 0.012019416479403 0.054526101243780 0.998145691275949
1782875877.405918 15.837963625793581 2.051756927529149 2.760269112512698 -0.014440232684002 0.011367084079216 0.059375239059422 0.998066555930089
1782875877.505687 15.894894114715459 2.058346652392795 2.768335307718406 -0.019947075578439 0.008212027570221 0.060175425902464 0.997954705834116
1782875877.606013 15.951117279131131 2.070737415241460 2.780736449564080 -0.026246568387791 0.006638641679835 0.059229265267510 0.997877217006346
1782875877.705735 15.999118899763040 2.077055649111935 2.796226503174890 -0.029305344626711 0.009092112210084 0.060190761629026 0.997715191067237
1782875877.805989 16.049977806369355 2.085604981843503 2.804232216500908 -0.031317217151315 0.008883148182879 0.058690345730859 0.997745340708840
1782875877.906062 16.100831979331044 2.094761078903055 2.804376103762012 -0.025334527961832 0.017781198843863 0.062962268701092 0.997535835637290
1782875878.005743 16.148686892392547 2.107501862560832 2.816394023593742 -0.030109988423200 0.009717423295812 0.065535241177048 0.997348531079010
1782875878.105944 16.196028801951055 2.118533736897618 2.823921429993220 -0.025936374585280 0.011356196104119 0.071926600590176 0.997007976603451
1782875878.205579 16.255106152598060 2.132013925553122 2.828736882914335 -0.035266189002174 0.013102706973372 0.072225913243199 0.996678500038687
1782875878.305934 16.307839657335688 2.142181801295334 2.846097291049894 -0.039201044717910 0.001313085936806 0.070382807445151 0.996748621425901
1782875878.405608 16.362739252832089 2.147946092300252 2.857188066388796 -0.037421547535638 0.011273152306061 0.072671855601439 0.996589858076287
1782875878.505646 16.415443475314820 2.157105773732698 2.863145569060518 -0.035948440985736 0.018073307640086 0.071961239191442 0.996595527380904
1782875878.605810 16.474506429652493 2.165061638587310 2.870569680072832 -0.042785985623185 0.014854446643585 0.074072042042757 0.996223889212023
1782875878.705642 16.518080142855606 2.174749580157354 2.886271190694106 -0.027065243452974 0.009379138866470 0.083420469219492 0.996102670243435
1782875878.805579 16.566228671612048 2.182928896402488 2.894166049904517 -0.024808124102692 0.009466689022554 0.085474535952042 0.995986467017090
1782875878.905659 16.628388524784260 2.194080706407101 2.903571469459874 -0.023053016625080 0.007857648167812 0.087795275475040 0.995840753029300
1782875879.005999 16.679940710470131 2.201783572957272 2.922758178670490 -0.033306952272584 0.006405011812565 0.084946647965434 0.995808058690718
1782875879.105768 16.727383130363986 2.210870736595015 2.929563364016752 -0.031774099219789 0.010249912646103 0.085886946481199 0.995745338092828
1782875879.205588 16.785297351027317 2.222228479074924 2.928645661404335 -0.028087282460436 0.018103455438488 0.088330479257910 0.995530560002649
1782875879.305629 16.836229227467303 2.237820120260315 2.936995794493702 -0.033195843467772 0.008356277943038 0.091772565029880 0.995191441333367
1782875879.405550 16.887272566675627 2.255991106683713 2.946795755323338 -0.025116912104274 0.010760838217656 0.099100159686369 0.994702218474093
1782875879.505682 16.942708912657498 2.272658922880074 2.952032822423796 -0.036284737454449 0.011428815053882 0.099810806095480 0.994278936215005
1782875879.605717 17.008606860841226 2.287222462677036 2.969384076160974 -0.045692794231319 0.004336930986960 0.096561221825485 0.994268218351801
1782875879.705718 17.068998127370481 2.299897950158957 2.983309510525570 -0.040412302365641 0.012640037489187 0.099518940070005 0.994134324846029
1782875879.805629 17.134098141355857 2.309282940447531 2.989163064394639 -0.039287378668554 0.021043562053833 0.099848514832479 0.994003996198776
1782875879.905692 17.195162341916443 2.321765948446358 2.995145219623024 -0.053192320288297 0.014511640305919 0.098855629140369 0.993573124608948
1782875880.005755 17.235309413243876 2.328884087470564 3.012221932879803 -0.037507380758257 0.010241544112788 0.098823730011784 0.994345099826688
1782875880.105658 17.284062241057605 2.333311118881030 3.020406517343270 -0.034263403534544 0.015894135237173 0.081777457000236 0.995934658082453
1782875880.205767 17.349471681829066 2.336406133324634 3.029451489498052 -0.025806548835754 0.013385116490145 0.067256861494769 0.997312075167825
1782875880.306018 17.408915823428863 2.340153445104371 3.043719274641529 -0.037486077467286 0.012118674233804 0.046832267937823 0.998125578477317
1782875880.406048 17.470951826956664 2.339586082131166 3.047616213845170 -0.026616406270693 0.022316554500584 0.037101943523665 0.998707656974336
1782875880.506044 17.541105781721850 2.338002017426231 3.051515087986872 -0.028262657779886 0.026614924135257 0.030851415757465 0.998769772337047
1782875880.605594 17.600419072908664 2.342895671165236 3.062454454306938 -0.020472604445264 0.017171214968896 0.029408076160888 0.999210281622533
1782875880.705664 17.647266737443051 2.347444193849313 3.072282193229439 -0.016430991992835 0.017791320914245 0.026270456236052 0.999361473407572
1782875880.805571 17.707071712109318 2.352240721264562 3.076328975567715 -0.019407328568926 0.019112730313352 0.019498213245237 0.999438781926125
1782875880.905773 17.753975822934560 2.351568811871781 3.094775607478872 -0.023843439587191 0.012741439919980 0.008774148469495 0.999595998599433
1782875881.005719 17.813019340271250 2.347265475573027 3.106293581828131 -0.021013897274968 0.016634109857818 0.004108972084999 0.999632351846871
1782875881.105546 17.877032836990779 2.345856502252967 3.109325142154149 -0.017379848404507 0.019565168417797 0.003077650669672 0.999652776278104
1782875881.205685 17.937966461997103 2.348291327245493 3.117465324763657 -0.029280858840261 0.011088276741313 -0.000243743678455 0.999509690805172
1782875881.305689 17.976586184285107 2.351094927174473 3.130899789194554 -0.013854743381625 0.013528653815991 0.008143954320543 0.999779324461018
1782875881.405710 18.023745311415173 2.355953606950436 3.133879898338119 -0.018280985562453 0.015689197869288 0.008623755059294 0.999672589143920
1782875881.505631 18.066641524989063 2.361111101291525 3.142044137008386 -0.022261517573888 0.005246359855302 0.014903667993208 0.999627321167180
1782875881.605602 18.090279161525046 2.370499374012817 3.151297272407495 -0.044746768528254 0.004981801445958 0.036820608220129 0.998307142702525
1782875881.705680 18.093993425427016 2.373394102302763 3.153181261181649 -0.033076804620525 0.003685031098639 0.046272741324038 0.998374267973791
1782875881.805635 18.108149003912594 2.375572648721289 3.154262032968924 -0.023976194419731 0.010530242001088 0.047919596765898 0.998507870950594
1782875881.905614 18.142547938926395 2.385651853941655 3.159529775826882 -0.035905460751094 0.001873095474778 0.040634793889643 0.998526966549772
1782875882.005700 18.172408918726614 2.404291578067898 3.165895648570921 -0.030229796489267 0.002406274832770 0.065335979330603 0.997402415803424
1782875882.105621 18.189799837423855 2.412398024922754 3.166821886826318 -0.029376091101544 0.004914219222548 0.086816882094736 0.995778953736381
1782875882.205558 18.206223630492328 2.419704252793055 3.172173459649029 -0.023779298323338 0.004429751554480 0.095036510244255 0.995179875194909
1782875882.306148 18.253614761022142 2.433363099109275 3.179965376446894 -0.025422057869351 0.006667440798267 0.097514945676153 0.994886978292817
1782875882.405771 18.313228797085365 2.453242093378513 3.184623714388037 -0.031597040163012 0.011251725775063 0.098521292041840 0.994569545448871
1782875882.505570 18.383650623817740 2.476982232482535 3.192491183323701 -0.042411322765953 0.013653097943331 0.098619854064534 0.994127253927800
1782875882.605754 18.452842244817685 2.488590481437555 3.207842672340069 -0.041158512249749 0.014601388912665 0.098802939929757 0.994148256233642
1782875882.705620 18.530609546071641 2.500345546807756 3.215284147197312 -0.037282917372359 0.022223857088511 0.101700151306778 0.993867779673151
1782875882.805761 18.592690634893298 2.513500643093221 3.223168155377206 -0.039401218076738 0.017086339603952 0.107185465531984 0.993311067587413
1782875882.905656 18.646386714161320 2.524288938397442 3.236314287624423 -0.032986699791580 0.018355045414610 0.111726427179931 0.993021739648353
1782875883.005630 18.699483296272845 2.538987208701578 3.244010556893590 -0.041465970417523 0.018209445887889 0.114034697429070 0.992443991951181
1782875883.105867 18.758744339158749 2.556982789327116 3.257578862859814 -0.046216389230825 0.011807154390114 0.110581360789635 0.992721712826677
1782875883.205689 18.812444657378290 2.573712487109711 3.268680535728520 -0.045594214142628 0.015374696491960 0.113447468901508 0.992378183025143
1782875883.305703 18.877537413458878 2.587209837047248 3.273022153112481 -0.042375311240437 0.018299853725314 0.114479714984960 0.992352680858885
1782875883.405690 18.951006318524712 2.606753354890578 3.279501235018394 -0.060077665888589 0.013005765836300 0.113416697546312 0.991644178540884
1782875883.505581 19.009141612843273 2.625527232661943 3.295308952378349 -0.038823242296698 0.012362170749534 0.121682862143510 0.991732430473281
1782875883.605677 19.071105744747644 2.647962654757599 3.305457721043719 -0.043057396702395 0.015009899914942 0.123987322541888 0.991235545842962
1782875883.705659 19.135998785953774 2.670773452865113 3.317852817575228 -0.050620848519725 0.010673121932877 0.122499227286279 0.991119343710716
1782875883.805595 19.199070423214600 2.689408038897768 3.336959108743861 -0.048356303003418 0.013120607813430 0.122583625470923 0.991192601050269
1782875883.905765 19.270701609225107 2.711171379008208 3.345032221160527 -0.047684143460599 0.014379193889427 0.124058057235742 0.991024247776188
1782875884.005764 19.339371093986209 2.728974291167691 3.351207013560960 -0.055250698511119 0.010722198709999 0.125359903686122 0.990513649232866
1782875884.106240 19.395293929619168 2.741832793304560 3.371318444086588 -0.036408054321940 0.010009748660186 0.132524241641776 0.990460288900807
1782875884.206223 19.459212985891032 2.761007797716227 3.377223884478635 -0.039418164235985 0.007800553483537 0.133883577580064 0.990182077876551
1782875884.305593 19.523140638524335 2.781646853059006 3.389350672861992 -0.048218802065098 0.010592820760075 0.129615230248748 0.990334605758712
1782875884.406237 19.582533554225584 2.801025134658441 3.408335891968796 -0.046328998332833 0.007439966973841 0.130862704350847 0.990289464457153
1782875884.506314 19.651279716961735 2.823043916233353 3.413942486645479 -0.045036564824596 0.008125640767191 0.133095348271833 0.990046115117508
1782875884.605614 19.718148054071804 2.845281766532406 3.421442626903792 -0.056111699481745 0.005424999205493 0.134231931859770 0.989345154652324
1782875884.705688 19.774823408773251 2.863932809616490 3.437367350524433 -0.034539780745536 0.004017047588675 0.143944085531635 0.988974704992564
1782875884.805141 19.834254050542334 2.883521113452653 3.443519264588127 -0.035412615199720 0.002010518506825 0.146422817116122 0.988585991771973
1782875884.906428 19.906613100321408 2.903923150510242 3.450604957256391 -0.048184254044157 0.007545403332756 0.143136624954160 0.988500506397155
1782875885.005578 19.970294451932219 2.922582434462698 3.466726190683620 -0.047411331781206 0.008651975343829 0.140681580329844 0.988881186946757
1782875885.105681 20.039330273722296 2.945648488522771 3.471967783086921 -0.044479430196601 0.009934320677544 0.134756646320193 0.989830054016619
1782875885.205599 20.113821027789825 2.959529114096910 3.477037198498231 -0.050248232423253 0.010898598388414 0.122048240192153 0.991191486423008
1782875885.305282 20.173037037784031 2.970180412189704 3.502602152771454 -0.026618732710459 0.010706688663660 0.115588089639888 0.992882774258924
1782875885.405426 20.232774237726726 2.976478769295196 3.513428085486391 -0.027739018195943 0.011296511962556 0.087807506289700 0.995687088158794
1782875885.505209 20.304572442618063 2.978231660065101 3.524809201858222 -0.033009147899699 0.009733469873294 0.050521563672696 0.998129864959051
1782875885.605618 20.372026735822441 2.972696114106653 3.534253225380160 -0.026562395289242 0.018155219504175 0.013322989875497 0.999393478616894
1782875885.705547 20.441590606708061 2.967979971908139 3.539873995289804 -0.012295806359507 0.025167345010444 -0.009317558306121 0.999564205540721
1782875885.805548 20.516005898186542 2.960551419227005 3.548619967410468 -0.024153312487072 0.016764884960500 -0.028440942179033 0.999162984170290
1782875885.905649 20.583705512241398 2.953039315439014 3.566214944722287 0.004366960466246 0.016577820311813 -0.028111411487126 0.999457780035828
1782875886.005718 20.657321520435680 2.943833613975758 3.576508101267525 0.003542989703605 0.014209002643531 -0.036512816788357 0.999225883210580
1782875886.105581 20.731782408328399 2.935507483757721 3.583669854943853 -0.008091556397323 0.017400482505039 -0.045682212217764 0.998771688330471
1782875886.205796 20.801596413937034 2.929365786377859 3.605679260050198 -0.011747504333818 0.014531777090496 -0.052889264929572 0.998425535156065
1782875886.305621 20.865693799056793 2.924743181649339 3.615170111915072 -0.012741769872353 0.013326946670146 -0.056925660758093 0.998208149105271
1782875886.405548 20.933606007492241 2.916263361194070 3.616637359892764 -0.016005296241131 0.017592144626444 -0.056588027112633 0.998114293118339
1782875886.505607 20.983007074070191 2.913989480961559 3.635701051741036 -0.001110525933373 0.008629838045846 -0.048176884180801 0.998800921334191
1782875886.605579 21.034414755126480 2.904709311706221 3.644844862717914 -0.002385684409899 0.005899438949516 -0.049176468023115 0.998769833406423
1782875886.705672 21.102354741168917 2.895084305501556 3.650197372060576 -0.007540685327089 0.011967963400270 -0.051533177605197 0.998571097880719
1782875886.805714 21.169545931177606 2.882076155515075 3.674608914419300 -0.008855859854576 0.012316647276799 -0.050883197031534 0.998589392195756
1782875886.905622 21.242744390884535 2.873764116019089 3.683608824513140 -0.005665121778022 0.016564364473339 -0.049860140622165 0.998602771176766
1782875887.005665 21.321737643442294 2.867126983814247 3.692224413470997 -0.013442186687605 0.016681439737458 -0.049343309538248 0.998552089271811
1782875887.105730 21.385856050404431 2.864267319557365 3.709733206988023 -0.000863931030746 0.014140026407202 -0.040528555877063 0.999077949628978
1782875887.205675 21.452404274906947 2.862295354509084 3.716508905609770 -0.008265684464401 0.014578933001292 -0.040314252716271 0.999046492512112
1782875887.305669 21.514443084239623 2.857991178596714 3.733015421336071 -0.015245837079439 0.013288564591901 -0.043460037653024 0.998850441072125
1782875887.405572 21.577033804142545 2.856884750605156 3.744444096938832 -0.019452196221994 0.016382741591976 -0.047015418004111 0.998570362222871
1782875887.505796 21.648087798390900 2.856997696536663 3.747728085254769 -0.021342868928046 0.018085749098993 -0.045488311611350 0.998573082519323
1782875887.605616 21.721424598470442 2.854791145821827 3.749195438027337 -0.024436462263536 0.021711316022639 -0.041759576743041 0.998592817828566
1782875887.705760 21.774667395346921 2.854495310525999 3.774059602474907 -0.004072480423691 0.009715446456515 -0.033101664905130 0.999396470267834
1782875887.805648 21.831522113556399 2.844115152109763 3.782345002347111 0.000780644460951 0.004202442037111 -0.029873237962528 0.999544556149815
1782875887.905676 21.899327721431739 2.837508021629297 3.787092158593173 -0.002148539128714 0.004422110738873 -0.028230420501890 0.999589351721225
1782875888.005726 21.965447015330199 2.832468710054452 3.802984397445470 -0.005294329917156 0.015302061516609 -0.030499712541849 0.999403614421562
1782875888.105623 22.029212590538577 2.828496158846523 3.816129759808443 -0.007615799313177 0.010475134233083 -0.029769334634916 0.999472890017013
1782875888.205734 22.099901018492396 2.821576249019632 3.815246826673967 -0.002527028910280 0.018427992874187 -0.025815472736567 0.999493664097401
1782875888.305692 22.168919059947235 2.821556212485853 3.833326435509876 -0.010279834225138 0.010580552781324 -0.020519886233146 0.999680604583319
1782875888.405700 22.235515827830895 2.823903813786332 3.841789336992730 -0.016731640435903 0.011837957645204 -0.019537867064233 0.999599012963519
1782875888.505698 22.311408044240583 2.829574200478418 3.850538937095278 -0.011619356612917 0.009750814486273 -0.015515584111615 0.999764561693591
1782875888.605744 22.389895709976390 2.826638964883257 3.872376244604338 -0.021736991866910 0.014593229025646 -0.021350362521150 0.999429188522801
1782875888.705704 22.470753456160079 2.821821574495764 3.879196455092225 -0.021102793247962 0.022979934840105 -0.020792520792800 0.999296885710601
1782875888.805781 22.543496133522719 2.820676552930736 3.890742348896788 -0.029191365572169 0.017795786855955 -0.020147569022770 0.999212314580154
1782875888.905653 22.596011198246124 2.824227239121832 3.907772084874732 -0.013628592403729 0.015785582593556 -0.011394672690830 0.999717579262009
1782875889.005755 22.652401486711717 2.824682725886499 3.916291470242184 -0.019524970667952 0.014136083137581 -0.010340245846863 0.999655953810968
1782875889.105534 22.721427278569490 2.823446720616813 3.923629267616549 -0.027657246298459 0.014230695084889 -0.013531683482238 0.999424563229597
1782875889.205754 22.789818264516605 2.822136175869796 3.940383681570458 -0.025946815244240 0.015695948542789 -0.012957768179413 0.999456100197392
1782875889.305581 22.868848054977001 2.823514816677827 3.948786275302335 -0.024285839705794 0.014622277856999 -0.012561926623163 0.999519176894329
1782875889.405721 22.948301883410704 2.820950882423703 3.957356936258235 -0.032254378806346 0.015819612441473 -0.010365367780208 0.999300732542884
1782875889.505769 23.004808567563256 2.824928556085506 3.975085189689826 -0.013263767165868 0.008758623578527 -0.001940247127061 0.999871788998275
1782875889.605718 23.055378011007079 2.823458764707520 3.979651411761982 -0.011046151999083 0.003750071869172 -0.000722400885805 0.999931696479262
1782875889.705629 23.119123807431510 2.828739820269877 3.977756834873329 -0.023075531104589 0.012389086819211 -0.002844397764617 0.999652909660813
1782875889.805681 23.180267353468782 2.832317068265580 3.991754453273721 -0.024855908358460 0.013415454534797 -0.004482160228249 0.999590976169220
1782875889.905674 23.260814554418612 2.835726048053229 3.999964123305062 -0.023318033173070 0.013443490807378 -0.003272756205183 0.999632347891273
1782875890.005688 23.353696993016737 2.835744030683435 4.016330727758496 -0.032575835603812 0.013354526240089 -0.001703058725526 0.999378592503632
1782875890.105695 23.425506900149262 2.833302598771737 4.037765066060587 -0.014869671672316 0.008193537198018 0.005718746834132 0.999839514495769
1782875890.205598 23.487946202308979 2.833615013340200 4.049191553853361 -0.018677575047685 0.007436829919820 0.006718881763532 0.999775323949773
1782875890.305753 23.554038696913519 2.836524582034007 4.061163163587732 -0.026057367503508 0.010171402451533 0.005077534403808 0.999595805721132
1782875890.405752 23.610295105991060 2.834333304851008 4.080436903383980 -0.023405032663519 0.013594239571266 0.006492203598114 0.999612551136131
1782875890.505706 23.681941100346634 2.835082588673385 4.088903871612049 -0.020712731882273 0.013816934797682 0.008270931704940 0.999655774123997
1782875890.605655 23.768192894007822 2.834752485209276 4.098878759203181 -0.027770912216878 0.013306231460197 0.010241012365306 0.999473282436629
1782875890.705797 23.828073054896119 2.834506120595323 4.119699530550961 -0.017283539516901 0.006978457462776 0.018041910387761 0.999663478307933
1782875890.805590 23.894160864512180 2.842780300865003 4.131329410769681 -0.023751442024033 0.004018850010886 0.019107621562719 0.999527196550715
1782875890.905779 23.967318222411695 2.853581506639720 4.147393142872074 -0.029203699298616 0.006562627966603 0.015655229525399 0.999429331993964
1782875891.005584 24.032501011686779 2.861494340750125 4.161762892563449 -0.026582086604893 0.008913471576925 0.018191239414426 0.999441354710065
1782875891.105696 24.114411272043451 2.865882767812469 4.170215618214065 -0.020420775740671 0.012811097440166 0.021652284266685 0.999474885270514
1782875891.205663 24.195453092660468 2.871345525406400 4.183666464962069 -0.025097556906127 0.009702076541626 0.024618941559198 0.999334723736033
1782875891.305565 24.265634526882689 2.876037741811072 4.197648377444165 -0.018893955475184 0.006574680108114 0.027385366205249 0.999424751417398
1782875891.405568 24.342504056763474 2.889289811479499 4.204078451707528 -0.030118506870554 0.005225554196928 0.029102311375959 0.999108915283887
1782875891.505603 24.417157198272289 2.896523531111035 4.220301834472691 -0.033109654482164 0.008195954135579 0.024916441288939 0.999107475734877
1782875891.605764 24.492099880097925 2.900505657155365 4.232089664409083 -0.030201431727961 0.015314608402910 0.026055525357372 0.999086805983015
1782875891.705698 24.575370279872033 2.897167942859338 4.235154809171457 -0.023198645036511 0.022940427755949 0.030223456917326 0.999010561653257
1782875891.805566 24.649001955703085 2.899488774989553 4.256299008925521 -0.025494422501441 0.014205320910574 0.033638432468106 0.999007857396616
1782875891.905709 24.715755552607504 2.908391690578982 4.270758551732637 -0.023645202726631 0.012493029524262 0.037227240539951 0.998948928205565
1782875892.005631 24.794878972951572 2.912460978920127 4.276461903823990 -0.019384218794300 0.014110111700590 0.041068798352923 0.998868615289980
1782875892.105676 24.861251553097823 2.917446070330481 4.297495892839971 -0.028924931956465 0.017400046168940 0.032428858712401 0.998903877170967
1782875892.205759 24.930758382170620 2.923235328815861 4.306606189969500 -0.028542871768313 0.017627409935567 0.014637053032703 0.999329943296330
1782875892.305708 25.008351884308265 2.915034412861842 4.310291844091138 -0.021532044669380 0.018022805028476 -0.016755515611284 0.999465258149480
1782875892.405608 25.079800438501497 2.899203417942280 4.331476192069738 -0.003509665790974 0.010849239974769 -0.034980355617207 0.999322946278552
1782875892.505708 25.142199249920406 2.886061025448547 4.339227236444481 0.004118580623432 0.006945228059719 -0.053773260419086 0.998520524358260
1782875892.605769 25.220826472009769 2.870801363245598 4.345029979155858 -0.002852022860761 0.017292386309322 -0.068853255670664 0.997472840996098
1782875892.705785 25.289926963781983 2.842558788164521 4.373068191867068 0.003255362607817 0.015252053877301 -0.080524375646625 0.996630624852298
1782875892.805597 25.360025891595047 2.824825407616952 4.386515274068373 0.004195131609569 0.011515979833219 -0.086512379250604 0.996175381805636
1782875892.905725 25.431388142794397 2.813916335421611 4.389328831858546 -0.005096888862474 0.015398527271100 -0.091860557500977 0.995639766711516
1782875893.005624 25.493606814040159 2.801023678104108 4.408797306581504 0.011364932747444 0.010939409717821 -0.086630274574746 0.996115637436599
1782875893.105614 25.561663409904597 2.790885985728190 4.414596565040611 0.004086352323723 0.011789463863042 -0.088476683259302 0.996000093768012
1782875893.205794 25.635004876030738 2.778455427375321 4.427010952413447 -0.002966711852879 0.017739232065112 -0.093458474370210 0.995460713355812
1782875893.305603 25.704579441566040 2.763255309440142 4.439689372369089 -0.001987969679375 0.020543349615361 -0.093926862175035 0.995365140702161
1782875893.405622 25.785826987079773 2.750384793929222 4.444006773769702 0.004650525405781 0.026206471863512 -0.092667639339254 0.995341299286407
1782875893.505725 25.857938689838566 2.738034272177097 4.456076827403196 0.003016068044583 0.019333083808797 -0.088263499898914 0.995904960219364
1782875893.605697 25.918041541057054 2.730815237691927 4.470342906270787 0.002068320860557 0.014441094732926 -0.084794092119655 0.996291693618532
1782875893.705591 25.991865803734356 2.721553409395079 4.470647439774971 -0.002757763081313 0.015492313426405 -0.082310960003068 0.996482457864063
1782875893.805611 26.061861856429395 2.705136877270026 4.492645297517543 -0.003706012795130 0.018104930853421 -0.088696413369745 0.995887254262873
1782875893.905890 26.131927627884210 2.691326980701631 4.498687766605427 -0.007452097947801 0.021512452884743 -0.089773592696797 0.995701954734103
1782875894.005854 26.215730012155269 2.674915280357968 4.505401287927271 -0.007962365332240 0.026709366187106 -0.088110139101442 0.995720750955642
1782875894.105699 26.284269765813075 2.671045967346117 4.524801235445927 -0.002464096662875 0.012442125527156 -0.081382648939194 0.996602220643516
1782875894.205786 26.350055558203092 2.664617360612998 4.538647074289965 -0.002057542923969 0.013081113451908 -0.078959039897765 0.996789908158355
1782875894.305845 26.422897602854189 2.654498775967471 4.548307081900003 -0.001545968524795 0.009008051614157 -0.076484604091337 0.997028871359487
1782875894.405726 26.489897506224523 2.638692771721224 4.569842869282622 -0.008586459441439 0.018343781468369 -0.083240044365959 0.996323679036887
1782875894.505783 26.563066710379523 2.625009219931772 4.569587313361323 -0.011255039803474 0.022148640544621 -0.082682645637856 0.996266200325654
1782875894.605731 26.649296975604031 2.608556483211208 4.567944482303635 -0.019662146490367 0.025039985084566 -0.082388772741817 0.996091606865753
1782875894.705642 26.716815016353447 2.601452595927866 4.587551400981338 0.000500154514893 0.017356202766126 -0.071240070222774 0.997308058959518
1782875894.805759 26.787489009444627 2.593625958861459 4.599715228766025 -0.003290908991659 0.014695392884844 -0.070272549075012 0.997414148782948
1782875894.905717 26.861901647683549 2.586531894099346 4.611577059957920 -0.010998103632817 0.021794691032368 -0.069764361469129 0.997264742697762
1782875895.005811 26.927696601397294 2.575604327940718 4.636174313872204 -0.011455581432022 0.020761499731897 -0.070985602342566 0.997195454283133
1782875895.105824 26.997447383936983 2.569225114385873 4.643550985492467 -0.010766539506200 0.022655322875043 -0.070722203243577 0.997180619517250
1782875895.205771 27.071634335574622 2.558078481163440 4.647030077485163 -0.016683470682126 0.025141039557209 -0.069873554247512 0.997099431527641
1782875895.305741 27.137791985580836 2.549239794322915 4.671976008984933 0.004900137838166 0.016535034061738 -0.061937795730743 0.997931005008716
1782875895.405846 27.204124815118170 2.541964664342453 4.682231028969253 -0.000454193990921 0.016232771533673 -0.061096530943997 0.997999751875074
1782875895.505855 27.279480943811638 2.539453898709513 4.691533343077774 -0.008075565593812 0.018918427696736 -0.063101688619372 0.997795096814548
1782875895.605772 27.346550121691553 2.534489861523449 4.706378857135617 -0.010066463038600 0.019535276323190 -0.062825352688691 0.997782548634900
1782875895.705639 27.414285820802377 2.530900690373199 4.714819352261349 -0.008084349071781 0.020786615266581 -0.061269753142044 0.997872024497983
1782875895.805838 27.487444438542202 2.524990554515815 4.719242831634262 -0.018088639024723 0.020987361548652 -0.059735171298875 0.997829665375458
1782875895.905801 27.547853849210654 2.517792026997322 4.739760782394685 -0.000813713804181 0.012863618984975 -0.048602481107387 0.998735031931196
1782875896.005707 27.614313623707886 2.510495909967165 4.746425880774966 -0.009281141166169 0.009090878821731 -0.039880638278851 0.999119988305368
1782875896.105803 27.687233128639321 2.504757301673895 4.755876673098830 -0.018457925033074 0.015632139088855 -0.037125162709814 0.999017849452499
1782875896.205754 27.755142897498562 2.501547918500044 4.773170213325336 -0.017403931642258 0.016751671869734 -0.030520326615080 0.999242210035292
1782875896.305720 27.828782341148226 2.499620303519788 4.779248169157251 -0.014459857560698 0.016996329213828 -0.026107239713070 0.999410050653428
1782875896.405739 27.912574798748594 2.498213896224876 4.790806560412956 -0.017072213741611 0.015880913804736 -0.018527894373540 0.999556428234402
1782875896.505840 27.974696651440315 2.499594489856533 4.808407991517310 -0.010166936367323 0.011771877677527 -0.009220025868396 0.999836510347456
1782875896.605804 28.034878044051990 2.502693374961271 4.817815695059726 -0.017993720208689 0.011934469466126 -0.007733787534889 0.999736956905127
1782875896.705700 28.100329745844718 2.503804955293405 4.828321546163068 -0.026300076761131 0.014320538832675 -0.011778060435693 0.999482118610543
1782875896.805830 28.167328362517669 2.503393160606212 4.841777375641454 -0.022937749809479 0.017913265831472 -0.008705142785223 0.999538491019712
1782875896.905805 28.248447494195510 2.509439197547843 4.845116189534729 -0.018691047609956 0.019847044406218 -0.006671887643563 0.999606035137242
1782875897.005800 28.335590217485443 2.512630221168125 4.858186258041973 -0.022529816080608 0.017815737739640 -0.001568923937595 0.999586187056319
1782875897.105749 28.405833444943269 2.514970801009790 4.875985364819287 -0.013529646439992 0.013983703097721 0.005581661980367 0.999795103890975
1782875897.205851 28.474615511694328 2.520276031938643 4.883617399853846 -0.021219838905450 0.013446324863412 0.007913340882844 0.999653086735850
1782875897.305815 28.536752883253875 2.518079541063330 4.905216176402065 -0.022790411400807 0.011241857299653 0.002885321486293 0.999672892856710
1782875897.405752 28.596774007417512 2.511509725726726 4.915400286541113 -0.020476117744881 0.017196663412446 0.004791388751548 0.999630954884529
1782875897.505851 28.673395267088317 2.511713590254051 4.919379644940101 -0.014844615778151 0.022547062340735 0.008051256615034 0.999603143567019
1782875897.605844 28.749165464892265 2.517974110359791 4.934474304027558 -0.019508478102062 0.015209112973002 0.014466380889297 0.999589328668843
1782875897.705755 28.817778731960392 2.523334348620517 4.948111478904319 -0.018206468170293 0.012859260788668 0.017793297383033 0.999593198504732
1782875897.805750 28.896802355583663 2.532874701989447 4.948457835662047 -0.025083504063371 0.014759196432292 0.019502969994482 0.999386120629018
1782875897.905998 28.967205576541971 2.536205389235798 4.964273565963643 -0.026010619515510 0.014160017358426 0.018151058847761 0.999396558250769
1782875898.005894 29.026281363492664 2.543022286240771 4.973631803182927 -0.025687960842946 0.016066493054231 0.018780993751796 0.999364433398704
1782875898.105793 29.094699415180290 2.545921648307937 4.980912427456763 -0.018633261080530 0.018318777007591 0.022733713157547 0.999400021150926
1782875898.205875 29.166843452971797 2.550668907772212 4.996825531763401 -0.024630755532191 0.013996973774849 0.027914674346362 0.999208777765260
1782875898.305845 29.225366728160267 2.554203283870117 5.018032388446997 -0.017715805064199 0.006451335853875 0.031076034246427 0.999339186969115
1782875898.405874 29.292528369129752 2.562070982793541 5.025234959988065 -0.024183134624562 0.008716744574805 0.032187293159743 0.999151226052765
1782875898.505904 29.367033947619408 2.568017224017213 5.046031193731050 -0.026784081014061 0.013725863561947 0.029537282810821 0.999110485681044
1782875898.605883 29.433847605820585 2.574960037255715 5.054350210198825 -0.025324831868867 0.017536740571982 0.029578142903508 0.999087708403647
1782875898.705877 29.516978643579623 2.577051782791503 5.054458812128306 -0.021721176222156 0.025516928210863 0.032353189995790 0.998914584924682
1782875898.806007 29.581780477977816 2.583805481059392 5.073941447086465 -0.020844618541639 0.012272693079861 0.038056092114063 0.998982791010622
1782875898.905879 29.646678610391557 2.590130848933688 5.082075027628072 -0.022519514439270 0.012270589410588 0.039906535228197 0.998874252621902
1782875899.005947 29.721007661925398 2.601653463198273 5.089849422656026 -0.019396616838524 0.012330407492071 0.043903056620673 0.998771372199667
1782875899.105983 29.788234448240718 2.610088294579277 5.108567642500510 -0.030606289722682 0.015617964157179 0.039899421206469 0.998612722937340
1782875899.205931 29.862845476893700 2.617129916023718 5.117024773003544 -0.030761832393795 0.018045872789326 0.040026821752831 0.998561920805794
1782875899.305873 29.944291029681906 2.622603172752404 5.122942605208250 -0.033159323677917 0.021601251270405 0.037859267998852 0.998499134212599
1782875899.405934 30.011665855302773 2.616903969679810 5.153948342419534 -0.016803720278840 0.016771543241690 0.022637935612514 0.999461792262831
1782875899.505909 30.086098972322215 2.611502569637455 5.167149575255703 -0.022081681333975 0.017450894879566 -0.008123801975183 0.999570842641371
1782875899.606086 30.163379651925855 2.605727402515371 5.181710903041020 -0.017802253340009 0.012596024732885 -0.027523239803405 0.999383255416867
1782875899.705916 30.239956264602800 2.601435245907242 5.186869700909216 -0.009822523801794 0.020280269676921 -0.042499897018573 0.998842323613366
1782875899.806103 30.326889155628923 2.587590743392578 5.185086368368264 0.000036585870704 0.026453433813392 -0.051070197969917 0.998344654605919
1782875899.905941 30.399658151790266 2.578586820286810 5.201419023086723 -0.004658264750330 0.019640604761895 -0.053764312207219 0.998349611081675
1782875900.006004 30.467845628290171 2.567831080303837 5.215196858683972 0.000122969660424 0.017458437163033 -0.056449807824551 0.998252777129522
1782875900.105995 30.548978925335529 2.559249314665248 5.224154651061799 -0.000070970129841 0.015043565080594 -0.056947207990261 0.998263843688112
1782875900.206071 30.624596762314034 2.547887668310427 5.242261784918608 -0.008881108959929 0.019119032000916 -0.066471011981806 0.997565633472328
1782875900.306051 30.708180885437109 2.539012551247961 5.245859463517491 -0.005308162559613 0.021879942563228 -0.065480288441936 0.997599831269620
1782875900.405972 30.796099648452874 2.531252095988227 5.257409368240194 -0.006497489817771 0.017910483574319 -0.064777920515635 0.997717804901674
1782875900.505889 30.869648421876057 2.522332856315372 5.281456420463386 0.000044726122237 0.013984970603646 -0.061194981577134 0.998027851728852
1782875900.606010 30.949558857013603 2.515591582358263 5.291036525712771 -0.010489708668997 0.016868175622885 -0.060164147768515 0.997990834620451
1782875900.706097 31.021411015442013 2.506332186794331 5.308089514005649 -0.013533470025352 0.017702046783622 -0.064427452901413 0.997673586921756
1782875900.805908 31.085169071954283 2.497746480735787 5.315826442293209 -0.016588081197689 0.019760393429581 -0.065230934881560 0.997536609627991
1782875900.906039 31.162609567546774 2.486176174826438 5.316753305014429 -0.010174496056889 0.024850215289769 -0.061714555420812 0.997732559396151
1782875901.005921 31.227381392607157 2.481627626105605 5.329535800273429 -0.014542744647695 0.016856063507437 -0.058159985835636 0.998059015163274
1782875901.105971 31.282153743556318 2.478562211996401 5.347942218659595 -0.009477637709227 0.015610121960982 -0.055935848961927 0.998267338580536
1782875901.205964 31.339476571360382 2.474578743386565 5.349793721029118 -0.014966157643421 0.020791075853134 -0.053863200928891 0.998219665642736
1782875901.306085 31.393349381393094 2.465493879438586 5.368057153904160 -0.014334574135435 0.015448727572700 -0.056285749868819 0.998192251604062
1782875901.406029 31.445092595246287 2.456790257071763 5.376444633412474 -0.011422032480368 0.022830629478214 -0.052511558653453 0.998293962587860
1782875901.505941 31.505974460896805 2.441075575882613 5.375458032930969 -0.004700779158442 0.028221129890283 -0.049989397556329 0.998339887330420
1782875901.605920 31.565045915025589 2.435690173171561 5.386460220692070 -0.011882019717773 0.016760773637532 -0.049393575176682 0.998568059175589
1782875901.705904 31.622076925800414 2.431106139928425 5.402033846332230 -0.004441768398013 0.013325665140070 -0.043794726793390 0.998941799729646
1782875901.805874 31.685418307008334 2.430962509345103 5.410214490856483 -0.009654539837278 0.012541738953369 -0.042346243517594 0.998977622524370
1782875901.906029 31.758422714930351 2.429157056357731 5.419102571909818 -0.020455994666220 0.011699084663521 -0.046252780853259 0.998651773123910
1782875902.006028 31.814480649819206 2.428104207623524 5.437917908577403 -0.018449945843443 0.013658888524933 -0.044617913510637 0.998740344662482
1782875902.106080 31.869569827006440 2.429542454925881 5.450064266405608 -0.016969153573593 0.013490138486234 -0.045006397460108 0.998751464668872
1782875902.205944 31.928915225493750 2.426845424712254 5.455083345402280 -0.020041600385523 0.016622771761557 -0.041952598178647 0.998780254720201
1782875902.306057 31.983055305524204 2.431008196556709 5.477719976640950 -0.008474681682306 0.006445765649715 -0.035042801208704 0.999329091920653
1782875902.405958 32.040869452029696 2.428618764820825 5.486031499968844 -0.008815262993923 0.007553250773132 -0.032433916919755 0.999406464144738
1782875902.505963 32.110086088425284 2.423563816899236 5.489655121081382 -0.008078333177293 0.010546772577552 -0.029218015256814 0.999484774123981
1782875902.605957 32.165297653402227 2.416871793382364 5.505667095320902 -0.018213009887280 0.009988646444127 -0.031811442253165 0.999278012044082
1782875902.706031 32.219087268971712 2.408756675654728 5.509819322577517 -0.015786053702441 0.015233959007708 -0.031022887593619 0.999277893004116
1782875902.805998 32.285233264043022 2.408351856917049 5.514791021305360 -0.014269240672038 0.016502420527610 -0.030770346987567 0.999288369107524
1782875902.906038 32.352179491157322 2.407620555452382 5.520561700203445 -0.018811136003569 0.012338670895968 -0.028751915443253 0.999333390676532
1782875903.005966 32.415626656715013 2.406293390061234 5.539560409606571 -0.005074452881833 0.011971855048548 -0.021528712910612 0.999683669535016
1782875903.106142 32.478642423916746 2.409150503196796 5.549070031049584 -0.010663602418372 0.010922792694182 -0.019438634989154 0.999694513165356
1782875903.206078 32.545362749759121 2.411970994739721 5.560437416208164 -0.021485704875447 0.010245462804294 -0.022847959311992 0.999455534645312
1782875903.306010 32.602285602841512 2.416919710005507 5.575719736541425 -0.019183916681385 0.014521771360744 -0.021586222322103 0.999477428711177
1782875903.406013 32.662734365721391 2.415337134900011 5.581425306027093 -0.017202571680593 0.015028068492185 -0.021684472814441 0.999503883095841
1782875903.506190 32.739015530797758 2.410841688713566 5.585075838437985 -0.025191265401443 0.017449256944718 -0.021495384776247 0.999299190439385
1782875903.606183 32.803046811480641 2.409214476823206 5.604786968264479 -0.009256558512480 0.009164044617201 -0.014140842352050 0.999815169412963
1782875903.706187 32.874277704190384 2.406411926451033 5.611917126352753 -0.014145010285209 0.010594405096619 -0.012356603906798 0.999767468766867
1782875903.806131 32.949371655898446 2.406290732054651 5.617699953701081 -0.012916517295531 0.009344607504201 -0.010031348597009 0.999822591231469
1782875903.905996 33.010932602558334 2.400253169853218 5.636549016186966 -0.020560307776151 0.015479491270168 -0.014458539661552 0.999564209905977
1782875904.006068 33.071410345036462 2.399403223175995 5.640953428428420 -0.020256680334094 0.017655928433679 -0.014056353310288 0.999540071245040
1782875904.106196 33.135655700363131 2.397703167431600 5.644470064995819 -0.022813736677613 0.021531031576925 -0.012165221975072 0.999433817454798
1782875904.206018 33.196843661993924 2.397029306627569 5.661766571944161 -0.013909327557313 0.013006433913144 -0.005897718063943 0.999801270355934
1782875904.305570 33.255930968614898 2.393796654723498 5.671478467955557 -0.012125949683480 0.013498903822845 -0.003052350509562 0.999830697716446
1782875904.406054 33.334497167365519 2.397998949222793 5.678418662619758 -0.009924054208969 0.011863825332266 -0.000291196393603 0.999880331840334
1782875904.506061 33.400835696584309 2.396676962230892 5.700980893171383 -0.019433448618570 0.016156250410214 -0.006256930935488 0.999661026279746
1782875904.606233 33.463945083860303 2.398993565775215 5.709276064231099 -0.021216613399241 0.016931747856418 -0.005871364616377 0.999614274761955
1782875904.706126 33.527171947794940 2.399100972372303 5.709408410713541 -0.015153293263836 0.024790508619878 -0.002630338936712 0.999574354264173
1782875904.806077 33.580760510618973 2.403952174913832 5.728120000663973 -0.016484120147587 0.015195942563190 0.003943850273732 0.999740868004068
1782875904.905991 33.636362407263263 2.406340618434498 5.738941403369387 -0.016551497657856 0.016174251824232 0.006223345486287 0.999712814499293
1782875905.006116 33.713413449444332 2.411664500409434 5.749602650236163 -0.013228177964064 0.014553423815377 0.009618542672791 0.999760319676564
1782875905.106050 33.794080241487407 2.416782529847889 5.770945857222323 -0.025257378341839 0.017745528152035 0.006193429050055 0.999504278383257
1782875905.206038 33.876811765795551 2.420540851455137 5.775396783361171 -0.024893932220643 0.020485114583825 0.005330102863376 0.999465978521770
1782875905.306151 33.953023378867421 2.423280915138953 5.777909874770033 -0.020731431887471 0.026085592938959 0.006803579323405 0.999421563146023
1782875905.406070 34.011570684892249 2.428468343191231 5.792466208644827 -0.021643858310864 0.015196308816458 0.012439509165889 0.999572845873386
1782875905.506172 34.063678249790797 2.428893114711007 5.805857881282884 -0.018137450253170 0.014861750723137 0.017214059068005 0.999576829180275
1782875905.606179 34.133483666439780 2.431942103502049 5.818291373356619 -0.012668979903126 0.011071075354212 0.023113998596058 0.999591252116359
1782875905.706070 34.205621733089259 2.432515309551190 5.845385318120675 -0.023933381281656 0.015818688017189 0.017207045990574 0.999440283327650
1782875905.806211 34.284605917695963 2.435072070367363 5.850278491508847 -0.021449267258261 0.021279784795191 0.018238421517259 0.999377035794623
1782875905.906277 34.360360800762692 2.436653078805992 5.853724198517936 -0.031904662323439 0.022337007297173 0.018522167235608 0.999069607158512
1782875906.006200 34.424139892750453 2.443243027189061 5.878115045034301 -0.016134748543522 0.014651238921841 0.024734784212789 0.999456453047041
1782875906.106232 34.487872703891362 2.448635561055543 5.886823195888810 -0.025286873441592 0.015055276679235 0.026192593512729 0.999223628984358
1782875906.206148 34.549484768856800 2.452334279426673 5.902123603967667 -0.031935621075039 0.009938457072159 0.018797094396217 0.999263735166933
1782875906.306078 34.612094966905822 2.442308981175859 5.926094581964100 -0.022457475848127 0.013738131707799 0.000909188229051 0.999652989237969
1782875906.406234 34.683153089325522 2.431026418418373 5.935269506226088 -0.014320111668168 0.019341313448848 -0.014053077014418 0.999611604085429
1782875906.506320 34.769454170391711 2.421386199488450 5.942652140869538 -0.025858124574031 0.017618260786002 -0.027494811208803 0.999132118209056
1782875906.606239 34.841121359637569 2.418064860314378 5.964320140580338 -0.002712821711615 0.012285396521382 -0.024057970099272 0.999631393917433
1782875906.706118 34.918157537355363 2.420328372870104 5.974604522159960 -0.007371344676605 0.009301669415389 -0.027862921636611 0.999541294705501
1782875906.806267 35.002030736224178 2.414724597998870 5.985659332726955 -0.010554395445798 0.018994017591257 -0.034932576504111 0.999153415212716
1782875906.906270 35.077764238952199 2.406676067280025 5.995610133405134 -0.011366281207200 0.021767140480063 -0.038544437700435 0.998955116894212
1782875907.006147 35.163411680354429 2.400272271320909 5.999950806218430 -0.003619242987142 0.032131679164345 -0.036999682779427 0.998792010254604
1782875907.106253 35.225712813475759 2.399057598026825 6.006372900175283 -0.017795146732999 0.023516241834018 -0.032633653821629 0.999032213575186
1782875907.206244 35.275198913114842 2.404019033335493 6.015079438366085 -0.015511226344828 0.024042361684845 -0.027656166968054 0.999207937884033
1782875907.306132 35.308016649437391 2.409205043559280 6.021509833716364 -0.011044929916520 0.027173139897552 -0.026177654103810 0.999226881352178
1782875907.406300 35.331052930031390 2.408225019076979 6.021966222935985 -0.007514776460274 0.024365265747312 -0.027862894383462 0.999286506001318
1782875907.506218 35.339263683103155 2.408178914404318 6.018621639088633 -0.011252810180082 0.024137806451046 -0.030303559751107 0.999185886023780
1782875907.606199 35.338943429455384 2.406360318755775 6.024121185834217 -0.016676057819012 0.020563892777404 -0.033970145389253 0.999072101818293
1782875907.706432 35.340491155643051 2.406672579357144 6.023488379843484 -0.014278234887137 0.022662858402211 -0.036049894484858 0.998990956898566
1782875907.806235 35.345538861427144 2.407052026508164 6.023129713993897 -0.014742682394225 0.022829186519089 -0.036433032410583 0.998966523817491
1782875907.906231 35.347655242892543 2.409420464500562 6.025438605346880 -0.018925194668810 0.021731221194357 -0.032307985083999 0.999062453068823
1782875908.006300 35.344697140895867 2.410225074641662 6.026791228885135 -0.020992776820238 0.020436924985733 -0.031116734863950 0.999086274667929
1782875908.106336 35.343355401115630 2.411025023355031 6.027156608159719 -0.021768629432368 0.020122130412677 -0.030207374123174 0.999103969158769
1782875908.206310 35.341896034957017 2.410971832910446 6.027152237802953 -0.022895163257165 0.019808781300354 -0.031757227430603 0.999036987397702
1782875908.306240 35.338470676190191 2.410912300109453 6.028020688916053 -0.020954611063146 0.019397374961723 -0.035631693836546 0.998956970301553
1782875908.406141 35.338656039487567 2.410251372794847 6.027913673634195 -0.018612539807237 0.019395238504502 -0.042351056359340 0.998741100641431
1782875908.506284 35.338003733543403 2.407303921150740 6.028781643864227 -0.014844377667420 0.018326381879004 -0.050391494306768 0.998451043106448
1782875908.606299 35.340159489605952 2.404319970179128 6.030824834904591 -0.011046819236783 0.018054283821679 -0.059986045274151 0.997974791762164
1782875908.706204 35.340944452864370 2.397519419776525 6.030488916066106 -0.008503623160767 0.016933953579132 -0.073011008446182 0.997151103020461
1782875908.806211 35.336151704470801 2.393258191218532 6.033042130429643 -0.005767665828426 0.017938605476174 -0.086945926554235 0.996034811801284
1782875908.906361 35.329232274748406 2.390026946202742 6.034076668595113 -0.000607144057850 0.017936905208623 -0.102238731790607 0.994597979351160
1782875909.006309 35.327896877704625 2.384627605888583 6.033774387656658 0.005951062476154 0.017163322466946 -0.121801176385164 0.992388270108239
1782875909.106309 35.324146056178712 2.383466376967136 6.032848609717008 0.005493256488407 0.020570138096556 -0.143648178886645 0.989399764632236
1782875909.206221 35.324938515477648 2.384492269758510 6.034337707843389 0.011245847749584 0.019508138567302 -0.164568960015192 0.986108523864125
1782875909.306410 35.322219060366422 2.379422857417808 6.034295420648543 0.019791520138318 0.016518169804969 -0.184909490175535 0.982417389015416
1782875909.406222 35.318247851093695 2.376454781984354 6.031441519812968 0.019824785213051 0.018021302663658 -0.205054513101928 0.978383798515708
1782875909.506372 35.316535324717336 2.368061965602518 6.036493238676294 0.023546134478536 0.015964586973190 -0.227324668972120 0.973403414001895
1782875909.606378 35.315507279053406 2.359877616606973 6.033220582229826 0.027186000819898 0.021881362998327 -0.248804067019166 0.967924926607127
1782875909.706325 35.310666915206134 2.349023318205437 6.025375287449537 0.048919866931542 0.025497926674518 -0.269363899890538 0.961457119059605
1782875909.806256 35.305567167515470 2.337016117050281 6.025595614854827 0.064054686640392 0.020127603569891 -0.291061672549398 0.954345314583048
1782875909.906395 35.303020278218433 2.335453568314092 6.020929035257795 0.060223079607783 0.016743339418916 -0.313347141531265 0.947579236877729
1782875910.006344 35.303271617002181 2.335137003304915 6.018014274430977 0.067099053854250 0.016068120713828 -0.333004964444161 0.940397376710542
1782875910.106387 35.299409895685038 2.329308389418547 6.017733426477730 0.073214271500499 0.013779245340037 -0.353932560564638 0.932299064366475
1782875910.206284 35.294996255264493 2.321338298881965 6.016408730386179 0.078263675640505 0.014935809240896 -0.377797963989560 0.922453476920563
1782875910.306282 35.291223269298044 2.319016352600096 6.013681715672447 0.079397399534282 0.015556576760263 -0.402544766708491 0.911817830853421
1782875910.406398 35.291636165209319 2.313264386035317 6.012489415101880 0.082102002048688 0.021926571370546 -0.427895637162418 0.899824321978925
1782875910.506392 35.286180184260552 2.299777339095048 6.011856692978135 0.088938003342268 0.019425696049812 -0.459627098982144 0.883433983824295
1782875910.606482 35.294451212697069 2.297456081736783 6.014502131077694 0.075168084712789 0.020268493331768 -0.482248100364312 0.872568459728873
1782875910.706439 35.293766240683389 2.294344574245476 6.023063508714523 0.080368073275338 0.016457738591879 -0.506202902334252 0.858503778271690
1782875910.806366 35.288666929049086 2.292441984939135 6.023044027061903 0.086719327294915 0.016370334196443 -0.528768130286270 0.844165881107091
1782875910.906286 35.277008120647366 2.295079865372954 6.020691612907967 0.091068850716001 0.016980478761155 -0.549107476725352 0.830601653486532
1782875911.006437 35.267768958184107 2.292173741432004 6.022423011021357 0.092455345482499 0.015671628779881 -0.569255411373586 0.816795375700010
1782875911.106343 35.261135988637363 2.285900688084623 6.019773708575562 0.095298030372234 0.018476535788433 -0.586790927917612 0.803898818226495
1782875911.206245 35.255318924142038 2.282244819770453 6.012374812955231 0.104134716372453 0.021171808714222 -0.605453954523924 0.788754223008076
1782875911.306405 35.242083513388685 2.279577032704756 6.004830539944818 0.108725435533193 0.022611327704817 -0.631726342940927 0.767195760651712
1782875911.406352 35.241465200222116 2.276097793339981 6.008440669002056 0.104351949961835 0.022458117232938 -0.648850192248145 0.753392149898705
1782875911.506454 35.247066219998992 2.272310723577975 6.006253956764173 0.107103334238693 0.024292282143472 -0.656210376514532 0.746543168596302
1782875911.606473 35.246840957252466 2.269620227871248 6.007784527501058 0.112860547621802 0.018486969654612 -0.661566438122331 0.741114415386424
1782875911.706371 35.246546893267229 2.274006595477972 6.005693070939802 0.115631417546379 0.012978251379570 -0.661982347789175 0.740432516494790
1782875911.806323 35.245433668858098 2.278355639701671 6.004557489936595 0.116680261757734 0.012637832621834 -0.659534507459564 0.742455544240038
1782875911.906520 35.246819195161173 2.275318139293041 6.010291700177186 0.115614005695485 0.012043605382973 -0.656559387074102 0.745263795243828
1782875912.006418 35.248147868030017 2.274402083612945 6.010646435336136 0.115510946221433 0.013239824836287 -0.654406700796571 0.747150452247613
1782875912.106334 35.250521676514602 2.274573361457110 6.010939252660934 0.115429646542075 0.013783610005552 -0.651674679900281 0.749537270835269
1782875912.206468 35.247971804894028 2.273694523355274 6.015723642136468 0.113408230523091 0.012939376839690 -0.649797114105102 0.751488427241054
1782875912.306415 35.247155234874519 2.268497111008032 6.017395601137635 0.111071042315954 0.016497815569965 -0.649609002321459 0.751930309099930
1782875912.406412 35.250834392046045 2.255878160015298 6.014523245631889 0.107873461875823 0.021870786693064 -0.650174458761084 0.751770016751807
1782875912.506502 35.263673661778981 2.235081260080870 6.012564238190214 0.103293086818273 0.026994784256654 -0.650660872500550 0.751825943177835
1782875912.606552 35.274842454491200 2.216234025938450 6.010442825834239 0.103378954243359 0.031114548958719 -0.650436880940871 0.751848748469055
1782875912.706412 35.277860428756753 2.203030245844937 6.008086736053326 0.108421610681078 0.030404395685400 -0.653776576097501 0.748262330741354
1782875912.806385 35.284824389765767 2.185136577193309 6.004745894346320 0.111808620940599 0.032421188451565 -0.655106622914251 0.746513905722167
1782875912.906552 35.289259550394156 2.166710127494158 6.003992503828689 0.114277161717488 0.031129388247749 -0.655731259977454 0.745646166881736
1782875913.006265 35.293315166357473 2.146801179186145 6.001613979854552 0.122876367035093 0.024488131449091 -0.650880002790016 0.748770293087530
1782875913.106506 35.303360409462314 2.118629046694848 5.997567193577503 0.121059474408090 0.031145940488350 -0.651510146641556 0.748270714962278
1782875913.206516 35.318112077725189 2.079029810345747 6.004999487214731 0.117913643113070 0.019382169863598 -0.656804190082520 0.744532712611847
1782875913.306487 35.313535336926456 2.041113227787591 6.014166886686979 0.107799839328757 0.030322357492462 -0.667875352177243 0.735800423505480
1782875913.405560 35.306059758510308 2.004911069111075 6.017918596665838 0.112516200870909 0.031061963869421 -0.679056529822563 0.724746499299870
1782875913.506487 35.297296192215519 1.959011596108549 6.010794270328292 0.129549226639528 0.031813207996827 -0.683764857391800 0.717405420574691
1782875913.606431 35.295042772888131 1.921838321913610 6.012443335017013 0.105537208213754 0.028445051349940 -0.692788391534102 0.712809246076161
1782875913.706569 35.294514852351178 1.893280184961209 6.007976413714783 0.115155905343473 0.019644205787698 -0.694250504420195 0.710189735039677
1782875913.806420 35.289730651126803 1.864068318066985 6.005889802895518 0.119522205303131 0.014303795923673 -0.696524113034157 0.707364123930212
1782875913.906388 35.289995603068213 1.826094131067443 5.998126057243851 0.120241441623776 0.014780904056824 -0.695678079158120 0.708064637423937
1782875914.006529 35.294512617803662 1.785507039279518 6.001996282791958 0.109692745399635 0.010907490123200 -0.698824262209394 0.706748313626092
1782875914.106426 35.300373515798292 1.746518509030537 6.004569303738588 0.109337378185706 0.020510528106212 -0.700374019469129 0.705053819804462
1782875914.206605 35.296626742603394 1.712339440447030 6.006644223549667 0.114126279797719 0.018891563795206 -0.707816049313787 0.696860632702590
1782875914.306511 35.291045621828296 1.670159089030743 6.004516136773805 0.120397924135178 0.021878290572666 -0.717341401650308 0.685891386258683
1782875914.406428 35.283723284251579 1.622320928665427 5.995268049065252 0.116036922183891 0.024556391587541 -0.725345925703135 0.678089746558726
1782875914.505635 35.273013216402099 1.587119167351871 5.998444551210373 0.113914834370475 0.015251381486612 -0.730262790049429 0.673429330622188
1782875914.606515 35.263786665632111 1.562417429129584 6.001077044355491 0.119891473506997 0.000615086413070 -0.732305247763502 0.670339227814538
1782875914.706414 35.249912534403883 1.532641105806728 6.001145951374035 0.119067483696706 -0.004058735850005 -0.734711112721663 0.667836837732586
1782875914.805599 35.240938807982879 1.491817555621110 5.999122028532679 0.120106877113050 0.008338267117016 -0.745925668744605 0.655057026585839
1782875914.905556 35.227645459473443 1.452083020951946 5.997863870035515 0.114043981000786 0.016588723514678 -0.762708560843456 0.636391731456091
1782875915.005549 35.217787096646020 1.418247215781913 5.989849247917687 0.123404158149615 0.014192364614029 -0.771091840923577 0.624489682379995
1782875915.106406 35.205006515804037 1.381261482164242 5.985026072173111 0.132868110641163 0.011251136747411 -0.778364386759092 0.613488678397257
1782875915.206587 35.193497744400766 1.341411588913106 5.978535120104760 0.132713793698161 0.012659791237145 -0.781313813118047 0.609733961723426
1782875915.306461 35.184336155060677 1.304201535560969 5.981596308649887 0.124499169510414 0.007412834115540 -0.785216000095934 0.606531812747581
1782875915.405614 35.179116947685614 1.272984090776874 5.980439246552791 0.128903391419927 0.002953958061176 -0.785795050611485 0.604897783304452
1782875915.506536 35.165751251943760 1.241887808387897 5.980025529517683 0.126012138570712 0.011989253728374 -0.793543650615499 0.595202212105793
1782875915.606328 35.151590957987764 1.207792432047772 5.982655227185707 0.120835997472466 0.007086042694382 -0.799537383003039 0.588292803707770
1782875915.706364 35.139920789803547 1.168716832482204 5.987766603688938 0.116629023327117 0.021371806882180 -0.805946829300330 0.579991918158374
1782875915.806622 35.122786292601113 1.128426312436946 5.985983459004382 0.129995339139571 0.017077278397246 -0.806471461972200 0.576552997901220
1782875915.906475 35.100111697760092 1.089324180825487 5.979485449141026 0.144238627584254 0.018543858570341 -0.807860729198455 0.571150055450235
1782875916.006438 35.080909329664308 1.047677129311952 5.979585695964198 0.128629044574324 0.018893276157096 -0.816843932381683 0.562017440244614
1782875916.105587 35.063412612361887 1.014860247329705 5.979284941523815 0.133833235559477 0.010283841012887 -0.820762748901600 0.555275983353435
1782875916.206576 35.052246213517385 0.984428418165758 5.978053382861588 0.133454356974187 0.005038411599194 -0.824962304726346 0.549182797248503
1782875916.305659 35.037643079668065 0.945113252662794 5.973523659795256 0.129162987925584 0.006895984408701 -0.827205417220710 0.546809441825773
1782875916.406588 35.018477437339229 0.897221913316691 5.973366610948656 0.125118410909150 0.011958218365786 -0.832135316096252 0.540141833197917
1782875916.506489 34.998688023213347 0.858228868496603 5.966514607903570 0.132186730065346 0.012444236696436 -0.830310736067037 0.541253998543587
1782875916.606490 34.975177563495599 0.823982198376548 5.957887306528908 0.135932693991677 0.010544613651726 -0.834362085186674 0.534088966961475
1782875916.706568 34.946951094169123 0.783414427161962 5.947969607389961 0.147264070904416 0.008791619887641 -0.837734312347267 0.525772976441726
1782875916.806540 34.924705606571848 0.746996713240163 5.945710629675696 0.134460921837593 0.006952410578970 -0.842399382050395 0.521761636771783
1782875916.905643 34.913270008269556 0.722546912566411 5.940912792926428 0.137190329301124 0.000532386276599 -0.842672628259327 0.520654752877134
1782875917.006641 34.896126229180304 0.696987041530001 5.938949190770332 0.135685688591128 0.000842460817675 -0.844954499206991 0.517339906097642
1782875917.106580 34.878216482933730 0.657794827291187 5.933516398438675 0.135964725824931 0.008734355847029 -0.845648796860750 0.516057571136385
1782875917.206514 34.853683534324567 0.615577553530214 5.938766547454557 0.136141585002804 0.019350282425599 -0.848079482304379 0.511714986195676
1782875917.305602 34.835212291407885 0.576783049847294 5.934018318059630 0.140077213603191 0.014303975704155 -0.847586468335398 0.511635562879357
1782875917.406516 34.808352119772749 0.535834973586650 5.927842895340351 0.144364978522294 0.015830688206470 -0.847443480932238 0.510634594316276
1782875917.506522 34.777258016606908 0.492026405609385 5.919686066108553 0.144453491223537 0.016936115683856 -0.846634240444953 0.511914855972162
1782875917.605595 34.755574451935772 0.456086310125619 5.921126220261095 0.138907253621801 0.007383675645143 -0.846368840232655 0.514110924323122
1782875917.705570 34.737335178361690 0.423973155493264 5.919969483241366 0.140346087050074 0.003365692770254 -0.843989313997665 0.517661748460892
1782875917.806533 34.723350589065980 0.384517146446739 5.917169239913244 0.137717610416492 0.006430805106207 -0.844171079366386 0.518042173271806
1782875917.905579 34.706657033126653 0.340128962487370 5.913535991750990 0.132269954794844 0.014169137401632 -0.845539419133701 0.517075415480987
1782875918.006564 34.686058605798891 0.295649299111172 5.911871103608228 0.137384464747867 0.017764771943390 -0.843830071457153 0.518421384809969
1782875918.105710 34.666735458819161 0.259744365749456 5.907526255104298 0.142107872388787 0.015205785262689 -0.843616372716569 0.517576614989648
1782875918.205691 34.645448345088170 0.217600534892326 5.896817212797683 0.152249851708212 0.015006307462312 -0.841363885509233 0.518364355981300
1782875918.305568 34.631514322054095 0.179263665977152 5.897629168791390 0.135119339405670 0.015856963482728 -0.843296523223902 0.519944511218349
1782875918.405569 34.617721179950685 0.147012506137083 5.900617594645066 0.140888254059175 0.008529438694359 -0.839482753861724 0.524734651526254
1782875918.506637 34.602100976332835 0.112490435007994 5.897722458434954 0.142885580295851 0.011378246033193 -0.838220792337009 0.526156012751511
1782875918.606557 34.579145697000079 0.073174295292622 5.890306317999080 0.139682189979630 0.014458899204305 -0.838208024189375 0.526960277649810
1782875918.706657 34.560521418700901 0.034468991173854 5.893051603230233 0.127739761680801 0.025700727869125 -0.841936895591678 0.523606999298239
1782875918.805596 34.538804081615950 -0.007185553443186 5.887804177025126 0.141347139966241 0.025358435749238 -0.838169323243693 0.526165488542200
1782875918.905566 34.519418723575924 -0.049895055610309 5.884047140759839 0.150187943355283 0.025579405923689 -0.836122142428961 0.526962084597394
1782875919.006560 34.497926919120623 -0.094652420917494 5.879180812109311 0.144217620883847 0.027376516065656 -0.835830089165858 0.528998928391759
1782875919.105740 34.483265989011464 -0.139089784990954 5.878378773058279 0.143063463239378 0.018422977907457 -0.834824243263519 0.531283278703926
1782875919.206588 34.467379178509098 -0.175113994583177 5.878949797739287 0.144294110888634 0.011086217015111 -0.832185022965692 0.535279733323304
1782875919.305701 34.452942938115953 -0.212887310625126 5.872039034204271 0.140922833761902 0.014069555994280 -0.831792236261042 0.536716385267320
1782875919.405650 34.439977107533046 -0.251069538735557 5.872677759225525 0.132983119784769 0.014444940038552 -0.832744165635776 0.537255980105473
1782875919.505746 34.425893595487686 -0.290329235822094 5.868157316639543 0.135972281716282 0.019641713063068 -0.830690545014396 0.539517339977525
1782875919.605563 34.406407000870871 -0.328502723327781 5.862925682442912 0.140688828072796 0.020346410674055 -0.831063172959386 0.537705011859466
1782875919.705602 34.386756197925585 -0.370178887883229 5.852411837166244 0.150168298599120 0.021022736377077 -0.829044672365331 0.538230859272907
1782875919.805622 34.366676098204429 -0.414346336535877 5.849206261146188 0.135497406583958 0.019908982959447 -0.829953440636655 0.540759994435467
1782875919.905598 34.350324495522003 -0.449071186904224 5.849014586152764 0.139328632993915 0.009573304978135 -0.826054661779653 0.546012435400396
1782875920.005588 34.334295365539155 -0.482697983201389 5.846611881588346 0.137452371334872 0.009096578679306 -0.825261626721076 0.547692747197150
1782875920.106634 34.318112815937106 -0.526063562274439 5.841728583873868 0.136074933877681 0.013997837871781 -0.824705911000997 0.548769380764856
1782875920.205606 34.303091481024033 -0.571042696072530 5.846705693957397 0.127982248316734 0.021015616318699 -0.826875080989584 0.547226176662753
1782875920.305736 34.283522520081227 -0.609789222422676 5.844895277435599 0.136635840604887 0.016811819829487 -0.824077956011527 0.549493887310868
1782875920.405630 34.266907858424922 -0.652117563557012 5.838985692008377 0.143414056397360 0.019808361610124 -0.822908282586524 0.549419689935119
1782875920.505699 34.248122465240094 -0.698117783522187 5.831415007318147 0.140227488194022 0.023795403164187 -0.821773880970017 0.551776874196855
1782875920.605663 34.233898235113870 -0.738566276770206 5.834008050627198 0.139294054196661 0.014794308306787 -0.819979422318665 0.554988325896189
1782875920.705668 34.218760689038895 -0.776888323398028 5.830658282463837 0.140081961670740 0.008996216388475 -0.817148104191492 0.559075207750571
1782875920.805634 34.202090901029884 -0.825559082987017 5.825395800683545 0.135516203038619 0.016977703016513 -0.817263870439843 0.559845409365736
1782875920.905653 34.188578903781035 -0.872045988112351 5.825614441593647 0.127541156645188 0.022444738491016 -0.818484779976968 0.559742933873805
1782875921.005660 34.168065180813613 -0.916676598760150 5.821355514438013 0.136261639264475 0.019982914720566 -0.814483812699280 0.563604087667040
1782875921.105625 34.144149692757509 -0.957908672926263 5.816662576495233 0.139109662161356 0.022826995541059 -0.814854962054420 0.562262235067530
1782875921.206617 34.129400062379460 -1.004748298033396 5.808122432276701 0.144655234389854 0.025691566135787 -0.811163672375893 0.566063868490724
1782875921.305915 34.116730116347711 -1.044329077840971 5.809176198222065 0.134842074581130 0.014480478306770 -0.810082064992093 0.570416495771932
1782875921.406717 34.107817597389626 -1.080913836534019 5.809183217500483 0.138524924325223 0.009561803049472 -0.807128705334682 0.573814142634891
1782875921.505748 34.093441859091371 -1.125282544523517 5.805574919688523 0.132472349086825 0.016814294860575 -0.808337223664991 0.573375347441145
1782875921.605670 34.075980467702244 -1.171464117556694 5.807371517363495 0.124032093823383 0.015295397878008 -0.810269180239713 0.572578331810701
1782875921.706718 34.059318083817111 -1.225366849785571 5.807705698211544 0.127608401441707 0.024241071797996 -0.808028463438506 0.574646385695329
1782875921.805688 34.040401354356000 -1.268560261962237 5.801433327990758 0.134202518979888 0.023408521675462 -0.807176767387464 0.574375653385715
1782875921.905790 34.016640620494194 -1.319121346373160 5.788120970354496 0.144634488926943 0.026196722594937 -0.804007492640417 0.576165382608255
1782875922.006763 34.002127848648882 -1.364458516310678 5.791088532985576 0.127312917579011 0.018670408893784 -0.804362943844327 0.580037146585689
1782875922.106693 33.992151730242846 -1.400558220519913 5.792450338467991 0.133299522387365 0.009202440963501 -0.800391994298134 0.584396447520851
1782875922.205775 33.981578715734059 -1.443672503613488 5.788280066880753 0.128377901414567 0.012914448745371 -0.801020731820455 0.584566607527098
1782875922.305698 33.973870660710411 -1.490443224906633 5.786311164342225 0.126911702649060 0.009541762216818 -0.799529045864720 0.586988653487515
1782875922.406728 33.959705460408813 -1.537434323962324 5.794108034136861 0.120968870876839 0.022477450441972 -0.798777861968678 0.588910200055219
1782875922.505887 33.942385709502723 -1.579664910304039 5.792131815056574 0.130826134805964 0.019944044758922 -0.797889033638206 0.588098501554116
1782875922.605685 33.929280488051049 -1.628290918490460 5.784489920925234 0.140079961455751 0.021777900758998 -0.794568964870606 0.590392655358670
1782875922.705687 33.916495111462389 -1.673868495982980 5.785467324933273 0.125535592760996 0.022570143698274 -0.794917789229290 0.593158589190381
1782875922.805673 33.903231534507945 -1.712858671578323 5.784142446521852 0.131037221362947 0.010438544301566 -0.791895233591618 0.596340693249370
1782875922.905661 33.896130758698078 -1.754562867224914 5.781405281408048 0.132316660895243 0.013545686803273 -0.790299200447351 0.598110348841046
1782875923.005724 33.889599315784302 -1.800847642902685 5.776637444346190 0.129212549048440 0.015750020359400 -0.790376379015703 0.598632803579145
1782875923.105805 33.876858347546204 -1.845321167075055 5.781767543614433 0.117706850098006 0.022446541107913 -0.793060673149449 0.597240335992101
1782875923.206717 33.861566033832467 -1.888937786581584 5.778787480416029 0.129669211338432 0.023908494830613 -0.790151399854705 0.598560811291026
1782875923.305824 33.841503960396892 -1.936913240258954 5.771423282810287 0.138399701614003 0.026098048421438 -0.787338734551248 0.600218403197455
1782875923.405820 33.824094043353355 -1.986462884057123 5.767238991469333 0.129448627976878 0.026225901068434 -0.786812118977037 0.602894637775816
1782875923.505789 33.812053609034670 -2.028871018876657 5.768401694558643 0.129214647212080 0.016277546110855 -0.785062436864899 0.605570463829049
1782875923.605767 33.798391159513905 -2.066354308920522 5.769028616763172 0.131651608808071 0.011266155743268 -0.782611592826658 0.608325589143061
1782875923.705707 33.792850763145417 -2.118606238448477 5.770146524914469 0.126607275773227 0.016739290072485 -0.781904682920872 0.610176581585592
1782875923.805788 33.787666877994837 -2.167373567612941 5.774178185014798 0.118607112749077 0.021435870427415 -0.785209893690653 0.607386433100524
1782875923.906789 33.775246712860628 -2.211718544930169 5.771378952176614 0.125426716470552 0.022076547134980 -0.781833070237155 0.610342375348026
1782875924.005763 33.763281290027372 -2.258007167127961 5.762936342687272 0.131631312350848 0.023238254545675 -0.781088391762850 0.609945985631271
1782875924.105896 33.750981742046058 -2.297669883468077 5.755140768980304 0.131200536153652 0.025172597684375 -0.779405425692749 0.612111053681792
1782875924.205577 33.742595172804407 -2.325751003532011 5.754588754487400 0.122126878473730 0.024488280363499 -0.778413961540824 0.615269903503606
1782875924.305852 33.740929905554097 -2.334353806975395 5.749492885972602 0.124501171203617 0.019226650107826 -0.776250280668970 0.617709718278592
1782875924.405621 33.744133995180057 -2.336981981848809 5.747600021759101 0.127677129780893 0.014413426494687 -0.773078086886851 0.621161070289241
1782875924.505764 33.747881172367762 -2.343329970046670 5.747940248515826 0.126923855333273 0.019463427061144 -0.772389928638833 0.622033204975093
1782875924.605801 33.748258751481337 -2.349866773755011 5.749194242017865 0.123243496613101 0.017154113038564 -0.771490514492945 0.623954455866580
1782875924.705735 33.748137248316795 -2.354209171982077 5.753313878467305 0.122659111962425 0.021160220419783 -0.769917478783571 0.625886621671878
1782875924.805852 33.757484009584957 -2.355050815875075 5.759115223793680 0.119600522880302 0.023824686458331 -0.767903870526324 0.628849540726972
1782875924.905782 33.761310131863759 -2.353316465602332 5.759976841851591 0.117381636024393 0.025270292709813 -0.766694812177691 0.630683778775324
1782875925.005800 33.763435892101100 -2.351115482782133 5.760630836742514 0.114696887373450 0.026548999762556 -0.765180566318111 0.632960090027368
1782875925.106801 33.765012215623884 -2.351098205411702 5.763322960654898 0.112771801214038 0.026983546200763 -0.764790701210043 0.633758307581000
1782875925.205872 33.763988894998690 -2.350124803834791 5.764430390796605 0.110641907554542 0.027973148374510 -0.763647714414622 0.635466788693117
1782875925.305954 33.760406415232438 -2.349558583509325 5.761525715913015 0.110275272619003 0.029439810124667 -0.763480717003683 0.635664893314142
1782875925.405573 33.760933807402211 -2.348458056970729 5.758943546663233 0.109124683301498 0.029688882993812 -0.763662485405635 0.635633528147254
1782875925.506042 33.763937683048013 -2.348530835470751 5.756946503043063 0.106945194609035 0.030049651664341 -0.762087308439123 0.637873559650195
1782875925.605925 33.770368028783089 -2.347797345719049 5.757957720952216 0.104850942404656 0.030979457046226 -0.758132445289212 0.642869931259573
1782875925.705832 33.777950519763216 -2.344345686697748 5.760737440871505 0.105006259654220 0.031075913507056 -0.752146948426670 0.649833010092202
1782875925.805747 33.781896993530253 -2.344040170444964 5.765878212704716 0.104084642480835 0.028770209820015 -0.745580254197117 0.657608353640540
1782875925.905894 33.782311155548946 -2.342657199188153 5.767077149905573 0.104201741653349 0.030236212472403 -0.736434165077002 0.667751816919266
1782875926.005859 33.791169556172690 -2.343157455305569 5.769398082021007 0.101414854594671 0.029976035982593 -0.727651648801790 0.677745927712043
1782875926.105895 33.793270094487816 -2.346047235487896 5.772427724329348 0.100592145020022 0.027398772994717 -0.718182552578106 0.688000253467221
1782875926.205834 33.793406523586334 -2.347468680198765 5.773340736406638 0.100726348047635 0.025129081224667 -0.706577819709270 0.699978940240773
1782875926.305881 33.798439278237517 -2.350790877286055 5.772681699145537 0.100346732754820 0.022877112364467 -0.695312714951816 0.711299795713130
1782875926.405835 33.800814947250949 -2.351333623935159 5.772395156463244 0.103566781715537 0.018088522923719 -0.682493638534150 0.723290509009936
1782875926.505966 33.802883157623853 -2.355828664754660 5.772751534059546 0.105946912909624 0.013624178706416 -0.669170329633467 0.735391530640410
1782875926.605595 33.806402441981184 -2.356513922122006 5.769511936629638 0.110079387687766 0.009586641222122 -0.655850999412838 0.746759727948326
1782875926.706012 33.807706146892308 -2.356279104245122 5.768052006894439 0.112661734710494 0.005716995502663 -0.641541583205926 0.758748342015976
1782875926.805894 33.808499775466373 -2.356024568166072 5.767947737346736 0.114991394604525 0.001993818922254 -0.627942215190163 0.769715257894109
1782875926.906913 33.813723830981495 -2.356599981009161 5.768670960366272 0.117414452522244 -0.001360767241104 -0.613633475832748 0.780811085979670
1782875927.005830 33.818369193334142 -2.356478800246617 5.767878086055092 0.116690967617313 -0.002636912065577 -0.600656480219511 0.790941247844310
1782875927.106003 33.831657016540625 -2.357217420541499 5.766688853682205 0.110657555050866 -0.000049063707818 -0.584222695694155 0.804014144737943
1782875927.205816 33.843112671106134 -2.355426941614286 5.770193768456180 0.104960779022240 0.001980587335953 -0.566688688898989 0.817216765622627
1782875927.305892 33.860450256305789 -2.354125915676867 5.764218947121194 0.103136835409229 0.021811501772335 -0.536607325507121 0.837221374419105
1782875927.405885 33.876641183210708 -2.353521657642986 5.768391528625779 0.096500576405412 0.021695766626470 -0.511285847236829 0.853700014571363
1782875927.505884 33.882620884966329 -2.350820524154035 5.770207487921169 0.084975388317408 0.023720355321586 -0.494377903705614 0.864758357260155
1782875927.605982 33.889516707804859 -2.350383468390704 5.774179380645047 0.076129660780175 0.023459788535489 -0.477758621660590 0.874871769175491
1782875927.705997 33.892794993576260 -2.345585636689366 5.777627543374591 0.072289493610471 0.024039014078311 -0.458945656435207 0.885192204752650
1782875927.805943 33.899990755012674 -2.338128734652724 5.781450263823312 0.067000445322635 0.022281150619826 -0.442599734543489 0.893935101467424
1782875927.905934 33.908203061324237 -2.332649332089178 5.784923107265464 0.065282715228403 0.020135973510565 -0.426936961394283 0.901697033741667
1782875928.006860 33.915724867171257 -2.329672746339900 5.787911504333886 0.063599212416474 0.018076451302431 -0.411304519748616 0.909096790293856
1782875928.106039 33.920462598689596 -2.324662423510266 5.790807674047659 0.063578030647083 0.016612119589591 -0.397355523736940 0.915308941973931
1782875928.205973 33.921038834150920 -2.322537240875917 5.788531792449708 0.063490639193678 0.015827413064349 -0.384032584130239 0.920998048888615
1782875928.305940 33.919302713881287 -2.322876846895084 5.785743098692163 0.060221799365956 0.014226278946637 -0.370686781782972 0.926694263325158
1782875928.405615 33.915720931240280 -2.321790671530646 5.786611337390850 0.057706815037358 0.013400922349146 -0.357528874620840 0.932021159947942
1782875928.506109 33.914326483652523 -2.323515885386352 5.784054725309518 0.056534196135596 0.011794103388351 -0.337772588092022 0.939454342970483
1782875928.605967 33.921536776949793 -2.317459186672732 5.785017779795804 0.057806621938589 0.011941964399610 -0.313268289849201 0.947828445722749
1782875928.706115 33.929074010735249 -2.305611457044473 5.778823156357170 0.035441453957813 0.024805029189962 -0.289936072255134 0.956067825979635
1782875928.805560 33.934049506357539 -2.294937302567674 5.782073102224846 0.035370960028206 0.021664139709908 -0.263982372895283 0.963635235469214
1782875928.905959 33.941224825868169 -2.292685331911279 5.783754656152334 0.036846463573998 0.018009891240458 -0.242401714418273 0.969308717997831
1782875929.005611 33.945799915172557 -2.290268064591774 5.790446952731893 0.029991062114941 0.014406420258655 -0.225845909795260 0.973594687884656
1782875929.105930 33.958193787976100 -2.283454877695428 5.791031207041390 0.023474172757084 0.014773994233400 -0.212825795496011 0.976696407835707
1782875929.205662 33.974760826233357 -2.273294286476587 5.789015805179387 0.018747637220011 0.025013655373950 -0.196217779834538 0.980061950093067
1782875929.305918 33.986883734390688 -2.264914156227153 5.791438725668093 0.026300530916111 0.024061888231209 -0.178878674457616 0.983225166191593
1782875929.405654 33.990428287386386 -2.266045393778068 5.792917852219299 0.015777013643753 0.024314025418226 -0.174815834013690 0.984174444997667
1782875929.505628 33.995556854743263 -2.270703225057724 5.790798234469162 0.014720582492132 0.025813532460554 -0.173904559616002 0.984314060723347
1782875929.605883 34.009285689218864 -2.276802422901239 5.791425084030736 0.016323227799467 0.028662322880011 -0.170040212188914 0.984884942376519
1782875929.705937 34.031814436278758 -2.283902196567556 5.795308182672755 0.013659393219481 0.028773144736205 -0.167698708073132 0.985323637405187
1782875929.805980 34.056264747473641 -2.285842657677966 5.797179660999353 0.008545632763274 0.027686453914413 -0.167045500679862 0.985523329573103
1782875929.905591 34.080357418440734 -2.290227833106757 5.799821061730390 0.012308887111811 0.025183418746079 -0.160311154026497 0.986668445128829
1782875930.005956 34.104014080203655 -2.297425802685282 5.801453048051611 0.018225946195423 0.022215961144983 -0.157622404009415 0.987081275128801
1782875930.105960 34.139947773918664 -2.302545637592527 5.805918818114994 0.005788953676513 0.024779502649432 -0.156480523783618 0.987353183992488
1782875930.206003 34.185956418880082 -2.305820100907616 5.814701142506086 0.002288944977190 0.019050713667728 -0.156508463521075 0.987490218627928
1782875930.305595 34.227615731711850 -2.317982945293339 5.826589094190820 -0.004036375155345 0.024794320150405 -0.155265822685431 0.987553276370253
1782875930.405563 34.271757226373282 -2.335951952458425 5.831926560388420 0.003576275919215 0.030496871902727 -0.154656375836638 0.987491041208827
1782875930.506094 34.325765576907642 -2.359010433187414 5.834522847133520 0.011510362160521 0.038042177803185 -0.151501501446851 0.987657632649186
1782875930.605994 34.367602001182000 -2.370787099797634 5.849872579012992 0.009315282948352 0.023473329714650 -0.148587258939396 0.988576782438519
1782875930.706083 34.401349882318009 -2.381188278980441 5.861543658841311 0.018914428028493 0.019033237423809 -0.141844721590148 0.989525166553361
1782875930.806054 34.441876738769253 -2.386142389782051 5.867272511728763 0.017698103881590 0.023513206676200 -0.139685376752563 0.989758506784465
1782875930.905584 34.476854554924820 -2.392165606995122 5.873161470691761 0.017606571390416 0.018975021594986 -0.138846026703759 0.989975624986719
1782875931.005953 34.512586011391690 -2.399514150892988 5.883229411966124 0.004416921432977 0.017673481026833 -0.141587770600918 0.989758072505413
1782875931.106006 34.547107369069522 -2.412197888122912 5.887489108663264 0.007269301708103 0.020596017225608 -0.139619002317606 0.989964391035796
1782875931.205628 34.588772593005409 -2.423659846139728 5.888053018645724 0.011248907470427 0.025393124976594 -0.137948566860254 0.990049920047350
1782875931.305635 34.632210149284582 -2.435344738151246 5.889457941168574 0.010209439202422 0.023936204802544 -0.135569347844429 0.990426058510062
1782875931.405969 34.670048895797514 -2.448154715377286 5.898329400285185 0.009034612098208 0.014970427397147 -0.133007844139086 0.990960733573825
1782875931.505670 34.704621895659258 -2.453975848434578 5.906658859065404 0.015857956361180 0.011554464526254 -0.127211533177972 0.991681524177992
1782875931.605961 34.741583740539653 -2.460713260007723 5.910666087493356 0.010816468830023 0.013499961074657 -0.128338171350608 0.991579582699912
1782875931.706023 34.786422206056599 -2.467085116711859 5.917369657094688 0.012635168696485 0.010029729498702 -0.126774807828574 0.991800335318627
1782875931.805688 34.828014404127046 -2.468250958330413 5.928815291575049 -0.002945979517540 0.011083334305108 -0.131050408525284 0.991309372159185
1782875931.905643 34.856513598232333 -2.477253433538589 5.935670382710294 0.006460605382935 0.014734069960473 -0.128000876467089 0.991643556619041
1782875932.005610 34.886177359822938 -2.487600888011115 5.935394532122748 0.005331874009977 0.019235480390082 -0.128743406940612 0.991477030789390
1782875932.105690 34.919157514888610 -2.500062334895020 5.936233356998646 0.007060802893679 0.022434800827432 -0.126747027691112 0.991656198359954
1782875932.206158 34.947267513207755 -2.506618081672041 5.943632081949471 0.005538447999313 0.011466374752689 -0.124028214088688 0.992196981427417
1782875932.305653 34.966886928489167 -2.509602609337580 5.945769154647600 0.011624960602959 0.007394125936615 -0.119164755967950 0.992778901935184
1782875932.405591 34.990143218419973 -2.514027856108048 5.953054394972328 0.008517041956148 0.007851482810734 -0.117910687629391 0.992956637500687
1782875932.505667 35.026658270973691 -2.520599887655342 5.955874539992181 0.010491749153991 0.009849023009099 -0.115589678664660 0.993192804107830
1782875932.605545 35.061875269960474 -2.523227834740018 5.969563203571478 -0.002884939629130 0.007170377745593 -0.120825099866463 0.992643721608361
1782875932.705631 35.100900185433623 -2.532662306869898 5.975540819292062 0.004371420308378 0.012333742652503 -0.115681514214397 0.993200159457121
1782875932.806064 35.139791205069173 -2.543243779202892 5.979384491866984 0.005194823671997 0.015872254850690 -0.116620036906697 0.993036178759248
1782875932.905596 35.185499465716873 -2.553815363215696 5.979535754767594 0.009648724360701 0.024069965774470 -0.113333456245153 0.993218539175177
1782875933.005770 35.222742536754822 -2.555492576237888 5.988732042069291 0.001108440228431 0.009588379242999 -0.112248251981317 0.993633314795155
1782875933.105584 35.251252795950187 -2.560182383585722 5.992816394415349 0.007211386755965 0.009070100423902 -0.108086649395793 0.994073943628774
1782875933.205627 35.275544433126136 -2.562408757313677 5.998420705811810 0.010246506503363 0.008017678243406 -0.104718703878545 0.994416773288733
1782875933.305668 35.306816784695116 -2.565002533954606 5.996749721421287 0.003305008924041 0.014778678628108 -0.104825314338624 0.994375342135827
1782875933.405661 35.330388207464459 -2.570004037562408 6.010065265876801 -0.007178866354054 0.007856362502685 -0.107210998749416 0.994179331505723
1782875933.505594 35.360298960954076 -2.577270627706103 6.015167704021119 -0.002610423451773 0.013053028026509 -0.103284475113810 0.994562778988397
1782875933.605701 35.393620597750527 -2.590517939587015 6.021865365961677 0.004305708709119 0.017001728358612 -0.103342704632528 0.994491170149079
1782875933.705641 35.435420759435608 -2.599483429776060 6.022314695870977 0.009532243361005 0.023891068180505 -0.100945006039114 0.994559429573408
1782875933.806280 35.476923338229028 -2.603215533590435 6.032597499642009 -0.000700339650077 0.013202671370912 -0.100283065957424 0.994871100030121
1782875933.906130 35.512744378872540 -2.608247326089308 6.038833171914585 0.004694783289543 0.012298606501122 -0.096038572315862 0.995290558538281
1782875934.005688 35.538891376175563 -2.609000759300857 6.043732547720750 0.010692435193769 0.010851141139510 -0.091913115562277 0.995650492770004
1782875934.106186 35.577149229597204 -2.608902879870958 6.046870384607646 0.004596225800457 0.012935689730017 -0.092377283916042 0.995629439126733
1782875934.206255 35.617318339181686 -2.612070906897857 6.056744054656439 -0.002160449133082 0.006095215285298 -0.093665599193157 0.995582711952088
1782875934.305305 35.656157015904157 -2.613858023143582 6.063812725450623 -0.008651117939355 0.010593464584567 -0.089857889723874 0.995860681180247
1782875934.406136 35.686195247749716 -2.619177708759295 6.068636612323838 -0.003179346690308 0.014630657352480 -0.081011537700081 0.996600705588474
1782875934.506085 35.721745539306447 -2.621109274411906 6.071512884803734 -0.005396782897133 0.018128065020524 -0.069286481818552 0.997417481012890
1782875934.606275 35.756567196623891 -2.623876659268590 6.077208057471585 -0.008476168809636 0.016027631599100 -0.054228303432223 0.998363942004325
1782875934.704943 35.788317883056486 -2.620767588093933 6.080563774950481 -0.005695341531886 0.013474834979063 -0.030966052982949 0.999413375670797
1782875934.805778 35.821852035368963 -2.613972225133066 6.082676085990483 -0.008985632173655 0.013585388756788 -0.006999067441933 0.999842841991495
1782875934.905619 35.856743189377681 -2.608169184292702 6.088156408203844 -0.017559661254325 0.013178979423518 0.012212052399297 0.999684369475738
1782875935.005768 35.893225118988788 -2.598251194392033 6.096348283457834 -0.017482263132850 0.009687686118839 0.026807116601445 0.999440792499912
1782875935.105763 35.928019409431215 -2.585882682334583 6.107184501675349 -0.031440398342579 0.006515345870905 0.032683222646870 0.998949877910587
1782875935.205671 35.959346221025477 -2.582114442525497 6.113744304571275 -0.024936680737136 0.012508456458239 0.044302713440223 0.998628544581317
1782875935.305690 35.984989027232302 -2.572699721414324 6.117984112286617 -0.034527088488970 0.010450925256671 0.048766897918942 0.998158528485850
1782875935.405600 36.013414356397057 -2.562139631035588 6.116970234133212 -0.028267491540958 0.021169073402310 0.057267233758668 0.997734074385966
1782875935.505596 36.035425658918307 -2.556195301466719 6.124342331532603 -0.030244027684765 0.011293595052525 0.066134226420310 0.997288332226894
1782875935.605720 36.056723402031459 -2.549705012249402 6.127672667732435 -0.023908033163876 0.005443947472631 0.071696788579790 0.997125037241276
1782875935.705681 36.078944209923336 -2.545513277649477 6.135419336277574 -0.016946655221113 -0.001344833187667 0.077259719993636 0.996866058187829
1782875935.805689 36.112457218901724 -2.537871048767034 6.132001355524983 -0.028013264544605 0.007394404470483 0.076325909655228 0.996661896185113
1782875935.905632 36.143326037078779 -2.530103612901414 6.139260617176981 -0.039298765620606 0.001238347764215 0.071459292747612 0.996668271289621
1782875936.005609 36.174463694366672 -2.525116448418392 6.143248489985688 -0.029926599270459 0.001946340484609 0.076849595481184 0.996591566334535
1782875936.105616 36.204036894964744 -2.517567267912413 6.149582091185045 -0.030036047589726 -0.004478990606699 0.077176099677178 0.996554877629362
1782875936.205591 36.239453254014087 -2.510137331713828 6.149917592209542 -0.021647421012013 0.004614202704256 0.081891752557816 0.996395423092592
1782875936.305582 36.275113094988491 -2.503773823928563 6.159877166354500 -0.024737850638625 -0.003886619751389 0.087075793312928 0.995886910824486
1782875936.405724 36.297319128125594 -2.497543587001100 6.162888010193790 -0.023000822158425 -0.008789131106812 0.091756046136196 0.995477042101827
1782875936.505753 36.331022139511646 -2.490472360346368 6.168832458354506 -0.023766614071795 -0.009755645199495 0.092333382035492 0.995396665658529
1782875936.605704 36.365142705730506 -2.478193615738155 6.175510069970609 -0.035233700662783 -0.002821290568344 0.088782076924523 0.995423713538123
1782875936.705702 36.395472859528901 -2.469297730412764 6.184981652343151 -0.038900093147081 -0.009026303928640 0.074486177067003 0.996422158533423
1782875936.805738 36.426341917897879 -2.477142558157845 6.188693565225704 -0.020257429852845 -0.002210279161868 0.049996510857719 0.998541486420952
1782875936.905625 36.460682150472365 -2.487417096880377 6.188042479351902 -0.009730309543783 -0.003423569652022 0.014060638879436 0.999847937779164
1782875937.005701 36.494149246820918 -2.495433318575471 6.182900749739705 -0.010406597126648 0.007161930689303 -0.008556614027148 0.999883590145053
1782875937.105626 36.519392573598601 -2.504234843077413 6.191522344441347 -0.007241935141649 -0.000297435076004 -0.025054105210716 0.999659820999021
1782875937.205629 36.536916178573641 -2.514391249547820 6.198513810560630 0.003551588713248 -0.005888959360338 -0.038252313634717 0.999244448008985
1782875937.305707 36.556302967895483 -2.525629289281630 6.203182371061594 0.004464058861477 -0.012289386960059 -0.049803967524545 0.998673424080849
1782875937.405710 36.586673320309899 -2.527672292732371 6.208758219294902 -0.011499885509836 -0.003992983906951 -0.061972884826523 0.998003592307655
1782875937.505714 36.620814923225765 -2.526597566647506 6.219566135466044 -0.015536085080198 -0.004931122653112 -0.062843362041338 0.997890287525151
1782875937.605659 36.647146419539425 -2.530342358282772 6.230765284384161 0.000614680751189 -0.003554607103596 -0.059681668202227 0.998210942344571
1782875937.705631 36.684436269271963 -2.535065847238235 6.236455790469581 -0.005424893899104 -0.005396628326555 -0.063058143461570 0.997980519585424
1782875937.805620 36.719725406822036 -2.538152584669044 6.236783243611687 0.005937615337553 -0.001280703216937 -0.060005644643474 0.998179556559951
1782875937.905672 36.760011232416844 -2.542002296979708 6.242103200164725 0.000965320222314 -0.006366743250367 -0.052949794854779 0.998576412680579
1782875938.005584 36.788868589427871 -2.539913646860782 6.246679243952891 0.005032683054317 -0.008362062957591 -0.049783798243145 0.998712331673529
1782875938.105752 36.818837986647445 -2.542006628532760 6.250788443492425 0.006308550681557 -0.011465718776387 -0.048133457478438 0.998755180087861
1782875938.205704 36.855273235369665 -2.541359763653944 6.252487406212616 -0.006391864449201 0.001275671798958 -0.048560750188001 0.998798963891847
1782875938.305705 36.888183489652739 -2.538616446283006 6.263495267699917 -0.019572365602946 -0.001590539922011 -0.041668549834810 0.998938498928763
1782875938.405693 36.923056640452145 -2.534933597520725 6.270531333969997 -0.005075481137217 -0.000836712309888 -0.020713967327079 0.999772209536369
1782875938.505608 36.955474589706874 -2.529799089909163 6.283006906952250 -0.008121563190869 -0.007126646098856 -0.013778240047540 0.999846693862531
1782875938.605622 36.992355166111984 -2.528925194086421 6.286896519986850 -0.006425031958683 -0.003730252381515 -0.003423210026745 0.999966542347561
1782875938.705567 37.016759163425732 -2.530662132863096 6.292627427093031 -0.008856456552824 -0.009187062143170 0.004193292539396 0.999909784612645
1782875938.805755 37.039468668660724 -2.530122585135075 6.295145904052758 -0.002985681499540 -0.016501147677230 0.014809662537838 0.999749704539468
1782875938.905744 37.066028992953427 -2.522718005797666 6.297411815674947 -0.024146824999857 -0.006840177158112 0.011726839127361 0.999616238394952
1782875939.005656 37.085668533440121 -2.514171482104834 6.305331200307202 -0.025768751240877 -0.015180197938141 0.015017590354829 0.999439845628491
1782875939.105676 37.106133417290643 -2.510018083502051 6.308129205615588 -0.019024644471662 -0.016948655560641 0.029176458123584 0.999249488500594
1782875939.205578 37.136114505082944 -2.509953610524832 6.309265560988329 -0.015683524702275 -0.018999444647178 0.033408630203477 0.999138084342630
1782875939.305689 37.164277807531015 -2.510810831607986 6.317458572184031 -0.012010289873551 -0.018199574554474 0.043429778913853 0.998818493384361
1782875939.405702 37.181421049915954 -2.502826177939192 6.324568208693144 -0.009078878330979 -0.023087120288883 0.052438092249672 0.998315984709328
1782875939.505603 37.211835647021175 -2.494258504961373 6.323031800743001 -0.024002118027852 -0.014624386939966 0.051239944339518 0.998290786164438
1782875939.605601 37.245737356077818 -2.482954037517119 6.327940696000526 -0.033135622329105 -0.016832282916175 0.049831205234135 0.998065907527918
1782875939.705747 37.276959266741528 -2.477871679264291 6.332795426658140 -0.033012596815834 -0.020947170130915 0.051189603189679 0.997923348278907
1782875939.805548 37.308531185088611 -2.479247918382318 6.334958958291578 -0.027137933158943 -0.017995947730658 0.054182020041018 0.997999993563792
1782875939.905543 37.357978035455730 -2.477969774288708 6.337343936938156 -0.021474611130261 -0.014339521248643 0.052544162169289 0.998284693977129
1782875940.005721 37.400497082589439 -2.474843919837823 6.342926060881806 -0.022950209336594 -0.012989188906904 0.057732083072448 0.997983755101746
1782875940.105614 37.429184933658782 -2.469054258859464 6.349950983062921 -0.019893586545525 -0.016045166379613 0.063609518288903 0.997647546497849
1782875940.205609 37.466632763244775 -2.458455803638648 6.352320407786677 -0.032106194615434 -0.002977081867048 0.062460306009510 0.997526460513198
1782875940.305627 37.499257974416828 -2.450182928218184 6.363233865455729 -0.038111429503613 -0.008605967241800 0.057000744300387 0.997609328052893
1782875940.405646 37.534289037234501 -2.442260089727256 6.370518813483012 -0.034666847022558 -0.011111292826758 0.061172320694388 0.997463130180767
1782875940.505612 37.563327300982493 -2.443170349041035 6.375275904800779 -0.024185196298144 -0.009437681119298 0.055086491246731 0.998144020137952
1782875940.605758 37.593443501868251 -2.444882375507293 6.373604032959635 -0.017860719950760 -0.007492135073188 0.040612635487060 0.998987225360564
1782875940.705756 37.618182312226608 -2.445633938256999 6.382630100971530 -0.018176435154998 -0.007103213876612 0.035072419685980 0.999194218825833
1782875940.805726 37.633697565804518 -2.444097792917101 6.385782986268779 -0.013833792253599 -0.010277579285268 0.028422960875867 0.999447413749660
1782875940.905640 37.651967267896744 -2.445985749978290 6.392766708171121 -0.011438181075514 -0.016815475072460 0.025584202333664 0.999465785508758
1782875941.005653 37.683266328593064 -2.441453257954250 6.397943506125817 -0.021922975830181 -0.006063888751775 0.018144027072267 0.999576613704759
1782875941.105650 37.711006119281109 -2.436797521915551 6.408373794686117 -0.028560878644810 -0.011848471040437 0.009733070531748 0.999474440535115
1782875941.205560 37.747057180295009 -2.439083759015685 6.412880341580950 -0.018425207788609 -0.012719561398244 0.012309361220083 0.999673548765822
1782875941.305654 37.780962806639401 -2.442149146548752 6.415148989995131 -0.019565630683160 -0.017665362471527 0.009745313621319 0.999604996949824
1782875941.405611 37.836821526095797 -2.446726263802123 6.417889790825285 -0.012215430084410 -0.008746963420752 0.014162014226398 0.999786832905763
1782875941.505619 37.877253743816908 -2.447574125554743 6.426424977211648 -0.012674466390142 -0.013955251683816 0.015725694771842 0.999698610270128
1782875941.605763 37.916753128263181 -2.445299781187209 6.429528835255899 -0.004567707111156 -0.018315454922813 0.019815933574387 0.999625434319880
1782875941.705661 37.960347790556455 -2.443654544799940 6.433322831397478 -0.019270749408268 -0.015581912810928 0.018532480542660 0.999521080005444
1782875941.805712 37.997277662425944 -2.434257478727623 6.441152517267018 -0.025912501847852 -0.009317584816587 0.013339039762323 0.999531787828334
1782875941.905651 38.025587522959903 -2.427785139859309 6.445830442607082 -0.025254406787105 -0.010524193013959 0.012943533274074 0.999541855674657
1782875942.005764 38.043979188468455 -2.428910403566650 6.450705384242099 -0.019862766050823 -0.013797205692880 0.014612613465934 0.999600709867441
1782875942.105713 38.073079235966659 -2.423450247265001 6.451747311074803 -0.008144763976986 -0.008126309104910 0.018699190317137 0.999758954049171
1782875942.205709 38.094267293740671 -2.419550094086449 6.456515666207135 -0.007767406292734 -0.012051564073464 0.022259266218855 0.999649414680058
1782875942.305595 38.113357982033364 -2.417808724441548 6.457510340859577 -0.011076151618511 -0.016927438957779 0.025033346540815 0.999481921915819
1782875942.405560 38.137637847224347 -2.417812677765182 6.461962737947182 -0.010374399545787 -0.020714966151757 0.028359904097535 0.999329263982043
1782875942.505712 38.164543979218394 -2.407511442463409 6.467015041611603 -0.025914337806203 -0.008168316728048 0.021347094918124 0.999402835315355
1782875942.605615 38.190211778490166 -2.399695970302131 6.477476879190984 -0.025022994628965 -0.010532955237940 0.020918840341973 0.999412481767373
1782875942.705807 38.219003605695576 -2.402755265041062 6.484206806179756 -0.016702774411016 -0.011232561034185 0.025138470674134 0.999481317580110
1782875942.805606 38.258310781172646 -2.401584536139711 6.489169356938719 -0.018870885602146 -0.015397002318996 0.022889026906398 0.999441301149486
1782875942.905640 38.304821498222367 -2.404333881522225 6.494481400143031 -0.015063520674258 -0.009479912819595 0.028170776901911 0.999444660262134
1782875943.005784 38.347666993587758 -2.405993447366352 6.500796357373160 -0.010690802299367 -0.012817401524028 0.032937065614556 0.999318052810511
1782875943.105562 38.382781307200588 -2.400924594834586 6.509265128952402 -0.007689846612600 -0.019829397161108 0.037377630712096 0.999074859051899
1782875943.205532 38.431211702188406 -2.396515988915978 6.513226889531841 -0.024221294996543 -0.009178990114931 0.030794305957333 0.999190064867384
1782875943.305702 38.478823112759109 -2.385207388139123 6.522617208708652 -0.030689258112382 -0.008436614779653 0.025542789997778 0.999166932422517
1782875943.405668 38.518795624651375 -2.380942722466865 6.531871623414051 -0.023211748373905 -0.008489298210616 0.030690226686043 0.999223326658860
1782875943.505748 38.551656001587581 -2.379839810646439 6.535990120183882 -0.018887880760223 -0.013087205669076 0.029537827818888 0.999299499517450
1782875943.605663 38.590288655106193 -2.377731739136939 6.534045817651539 -0.011083153677804 -0.002750615574415 0.035408877053293 0.999307664958227
1782875943.705707 38.615281368839007 -2.375191990682326 6.542980657930361 -0.018825608158588 -0.007020872731901 0.039415538505480 0.999020880236138
1782875943.805686 38.641283342055637 -2.376744277744911 6.548137580536501 -0.012574420753853 -0.013210147605347 0.041540078349703 0.998970368846631
1782875943.905614 38.672142173428391 -2.372886141393120 6.548361922550445 -0.009163226996838 -0.015744116516923 0.041199167696631 0.998984878087318
1782875944.005729 38.708271285391092 -2.362671981282062 6.558891097160430 -0.017633509064794 -0.001637009739220 0.037210378639610 0.999150522833568
1782875944.106540 38.744296493043827 -2.364308141585219 6.575594419042313 -0.023850573638124 -0.000324259506465 0.035770713833175 0.999075322998567
1782875944.206505 38.775712937963391 -2.363962310976484 6.580576140204617 -0.015932894942911 -0.001413358146481 0.035488693100277 0.999242061734515
1782875944.305652 38.825617886873893 -2.359664811498035 6.584406075779582 -0.013916249120552 0.002047654524833 0.036294823382463 0.999242128273683
1782875944.405635 38.878496666158689 -2.354515869953060 6.590130036177569 -0.017941431261204 -0.002661628185044 0.037449144568911 0.999133916124702
1782875944.505682 38.922829884124354 -2.347778514540068 6.594548376081513 -0.011565216240289 -0.000460669148586 0.044659558490344 0.998935211809365
1782875944.605504 38.966158574127093 -2.345424271604535 6.596559821030605 -0.014395587312444 -0.000310635166331 0.045894966929639 0.998842491377982
1782875944.705552 39.016871633095690 -2.339455158644534 6.595012716148037 -0.022508961214128 0.004986920441296 0.046161464845160 0.998667910995865
1782875944.805762 39.057965665003081 -2.328015335480793 6.606452780690067 -0.031940172802964 0.002037897659923 0.042692121552135 0.998575512964215
1782875944.905705 39.098543636170199 -2.319765036125589 6.616822778059511 -0.026175854137089 0.008231919493786 0.048942211236817 0.998424619147993
1782875945.005758 39.138917014743406 -2.313477511734782 6.626204298434213 -0.024921020710974 0.009876573366441 0.047189596104158 0.998526182954012
1782875945.105669 39.188605306009045 -2.306576267774470 6.630653323293493 -0.018560279622580 0.017127377048719 0.050422353139665 0.998408611380904
1782875945.205779 39.225828678575787 -2.301691579062257 6.641700047699205 -0.022611340608014 0.004987836284417 0.054219205712571 0.998260550406020
1782875945.305730 39.255134424038019 -2.296700317508559 6.647012148903947 -0.021915481045352 0.005879932117613 0.060778779404192 0.997893319981101
1782875945.405781 39.280445380334506 -2.292585540871825 6.649895035706908 -0.023223088282351 0.006325359970404 0.062558589703726 0.997751021470828
1782875945.505715 39.317480719204191 -2.283976582338901 6.652168022205123 -0.026727339439736 0.011304647901490 0.064868614030716 0.997471762595791
1782875945.605633 39.356879371174230 -2.271487560180532 6.664858715754015 -0.033399872313945 0.005049462771747 0.062228716290580 0.997490119411656
1782875945.705655 39.402081184895017 -2.265423228857206 6.670085782495501 -0.029240606683016 0.010565389647586 0.060669912498784 0.997673554415330
1782875945.805598 39.448158265656232 -2.265448106952791 6.672686310085340 -0.024873308766589 0.013267860254728 0.054294950698220 0.998126916140360
1782875945.905581 39.490586185353322 -2.260749084077684 6.673388807571101 -0.022469691091380 0.019687732599483 0.053500738230840 0.998120822934793
1782875946.005595 39.532686308565175 -2.250478616000411 6.680816221069282 -0.029345011402371 0.006367467516930 0.053382093097541 0.998122576540409
1782875946.105674 39.566791352275771 -2.244742245071206 6.683838560572821 -0.024355155134600 0.007921822124139 0.057237418842204 0.998032038081348
1782875946.205640 39.594540106276419 -2.241206909408264 6.691992746352486 -0.020878207345048 0.004649139112015 0.058974217645264 0.998030323996534
1782875946.305732 39.628468469435454 -2.234195824171871 6.696071958274191 -0.020991157250026 0.005595168873387 0.059808263749735 0.997973465072969
1782875946.405802 39.668956557827769 -2.226012063853014 6.703849763139899 -0.028664575087917 0.002253876349548 0.058004305932175 0.997902180912378
1782875946.505577 39.703320092838496 -2.223660691111989 6.715697699048379 -0.034132726379381 0.006063862620954 0.057752455752968 0.997728841125910
1782875946.605644 39.736964007156843 -2.221748548427888 6.722746757842076 -0.031478045692110 0.009238962077558 0.059259320557328 0.997703416425013
1782875946.705749 39.787093530554770 -2.213466232420040 6.726344037228394 -0.033099314836083 0.013209192234573 0.059028006285817 0.997619991315199
1782875946.805658 39.829980476089773 -2.202531522705537 6.732875438070070 -0.038174270203701 0.007444067809522 0.061654606976528 0.997339470986362
1782875946.905686 39.859119408674076 -2.196181434811770 6.738990844037126 -0.034007373659011 0.006314724766307 0.068383288819880 0.997059350589545
1782875947.005665 39.892958703406073 -2.187802641359379 6.743740255035400 -0.030668075704409 0.008011885782676 0.063862271854678 0.997455206539260
1782875947.105567 39.942586661058606 -2.179203235039066 6.742691470183787 -0.029736285946225 0.012284507204751 0.045974754268284 0.998424341725879
1782875947.205714 39.989974878952943 -2.175699429089370 6.760081154972481 -0.037031098336620 0.002343715282547 0.028227070879407 0.998912627422514
1782875947.305765 40.033657029127674 -2.182579169309906 6.766335074442278 -0.030379728681701 0.012600386219250 0.020387907470335 0.999251037318078
1782875947.405646 40.075936625926417 -2.189300009339443 6.768139508129975 -0.026310794185180 0.022750648217411 0.012908264182654 0.999311526417436
1782875947.505628 40.119020344387579 -2.185889098181490 6.772983346249360 -0.027993018886126 0.018849974184653 0.009884813593172 0.999381488635360
1782875947.605613 40.149575444646381 -2.184591230616870 6.783088656983273 -0.023189999839524 0.014917850640812 0.008595063607723 0.999582816239456
1782875947.705597 40.176308516234592 -2.184967447783396 6.788833103478971 -0.017821388074944 0.013697801788733 0.010023192240666 0.999697106112880
1782875947.805723 40.220701643574294 -2.176446427371410 6.793304564887629 -0.024384952529806 0.015841149852398 0.008507808019774 0.999540919254481
1782875947.905653 40.272764343711394 -2.165813734541924 6.811872543320781 -0.031214424961568 0.004707622143736 0.003862675479129 0.999494160916478
1782875948.005608 40.329753001818183 -2.158920481088832 6.822726169989050 -0.030225409085087 0.012302273074831 0.005269997590622 0.999453503594913
1782875948.105712 40.386788752704923 -2.157616172362771 6.826619284741153 -0.030263947037652 0.015186095676266 0.003313509925778 0.999421080756108
1782875948.205758 40.442459150954797 -2.155771012856083 6.832040993248109 -0.021144491078742 0.022197581650180 0.007497804832503 0.999501856320697
1782875948.305769 40.490305204095669 -2.153074072224041 6.841796805488481 -0.027984904528101 0.009659359904007 0.009791507337385 0.999513715898277
1782875948.405674 40.516547203914733 -2.153308219602414 6.851460533855604 -0.017484811214757 0.009569093463330 0.016167637679206 0.999670606409366
1782875948.505615 40.545724776839180 -2.147835241225875 6.853013122929998 -0.019182876334519 0.012398993129434 0.019779512730185 0.999543422318904
1782875948.605692 40.568620772709160 -2.145558245956944 6.859814979881283 -0.018843503221412 0.009703622598620 0.021367654603917 0.999546990106747
1782875948.705715 40.567509057037960 -2.144235596227646 6.862444888954277 -0.029466648635911 0.008122078367054 0.017332606083263 0.999382473944511
1782875948.805788 40.564874641688277 -2.146350039754006 6.866030210755707 -0.026946741865458 0.007710147416054 0.019151899950139 0.999423649639071
1782875948.905789 40.558097876913990 -2.147615658102104 6.865544246815800 -0.020575262241738 0.011122887378071 0.021546117157528 0.999494224493275
1782875949.005801 40.560863742083988 -2.146076146848197 6.866158239635279 -0.018903442530378 0.013865257139971 0.021810020391758 0.999487237294891
1782875949.105716 40.558841578290306 -2.143811467017831 6.865726458433830 -0.024895979960405 0.012791000115622 0.021003519512990 0.999387528772418
1782875949.205721 40.557799726257748 -2.135400810104887 6.870921028851118 -0.023987514057986 0.011235188984335 0.024963215248153 0.999337384261291
1782875949.305781 40.555438515668229 -2.133944316578076 6.869961305961326 -0.026770246163790 0.010092060934544 0.022493520802040 0.999337553456425
1782875949.405598 40.558350234351941 -2.133075445106010 6.866189134228361 -0.027612815483719 0.009215799701877 0.016451389738233 0.999440820275277
1782875949.505380 40.560948544604194 -2.135411995669571 6.865240904066809 -0.027677173264297 0.009081739397688 0.006018194804419 0.999557540825354
1782875949.605829 40.566361188871788 -2.140412047927361 6.865898830117561 -0.026771112395841 0.008135077632692 -0.005293343766203 0.999594472055890
1782875949.705670 40.569387891568411 -2.146370250807308 6.868566444965332 -0.025250834388827 0.007768524433500 -0.019962749780007 0.999451616643816
1782875949.805861 40.573786614471359 -2.154543699616181 6.869566057143127 -0.022054788391778 0.008075425299869 -0.041530508553639 0.998861146843954
1782875949.905737 40.580169620065163 -2.162536950351708 6.875378088250519 -0.013969845418098 0.006984960813966 -0.070612259920508 0.997381553113081
1782875950.005687 40.586838862248534 -2.169338223009187 6.881697527553395 -0.007248553162030 0.004775829228216 -0.104107633751346 0.994528154718034
1782875950.105708 40.587996032641627 -2.175373041222188 6.883030711914072 -0.004352207840779 0.004530276095659 -0.139092485735561 0.990259468673353
1782875950.205785 40.593871366922841 -2.193221332766105 6.884414520596326 -0.001255268602423 0.005809231196639 -0.178024398021227 0.984008125394674
1782875950.305887 40.593671381376318 -2.211636200522692 6.881271014182152 0.027585978492510 0.016264437266934 -0.217821408456320 0.975463128923399
1782875950.405833 40.589686202430819 -2.242957384957999 6.871340253481309 0.057467609134765 0.025993011545559 -0.267269107719055 0.961555542498772
1782875950.505778 40.589627457808916 -2.253899961629068 6.871626007567948 0.051985398199651 0.024539504853816 -0.306554260639678 0.950115685776809
1782875950.605910 40.592836527612953 -2.256312771542791 6.868794940761571 0.038448104962996 0.036578540792312 -0.353738225023195 0.933837791982966
1782875950.705871 40.594174743156707 -2.265522585446122 6.873280415422021 0.048162706841797 0.023952588893898 -0.398675247127170 0.915513339325519
1782875950.805832 40.582761873513306 -2.268936817632102 6.871293584298724 0.049260248120038 0.024299005229841 -0.439785859201098 0.896421432333400
1782875950.905893 40.565324549507388 -2.275134477150066 6.870062524920437 0.054243381538256 0.020700122060855 -0.477792960411265 0.876551793955909
1782875951.005984 40.538421532372134 -2.282483529631643 6.865105147777124 0.065126674490527 0.021269142224234 -0.514231933958828 0.854910321586852
1782875951.105914 40.515187730023776 -2.287649824341540 6.855371120010729 0.106553291918636 0.011488227955320 -0.547832513404963 0.829695096921797
1782875951.205746 40.504561906620630 -2.288029473946123 6.853101737996088 0.112371873801091 0.002367743149371 -0.584952396247692 0.803241962234801
1782875951.305737 40.497149040507246 -2.293708734196573 6.854213742095546 0.098036398403339 0.010521260084977 -0.622987546559713 0.775992709054509
1782875951.405915 40.479769939693959 -2.303962708795327 6.862969299822456 0.113609691822235 0.006476559622537 -0.660115150226225 0.742495037384925
1782875951.505810 40.465747919350378 -2.307128823556335 6.863415985557731 0.118018497425914 0.009967616795033 -0.693086780211529 0.711057660092832
1782875951.605943 40.451244645590030 -2.307421125602872 6.854737398831611 0.134686494498407 0.008067448154135 -0.727526951689918 0.672680458349064
1782875951.705728 40.431149768867847 -2.305596798289534 6.849495000395402 0.125472581174041 0.016696940014296 -0.761900432630046 0.635205143497557
1782875951.805854 40.420083291803600 -2.307436129555582 6.855575296815588 0.130788234678140 0.017533908845952 -0.785987116856806 0.603996069395657
1782875951.905944 40.414659944692048 -2.310693953033609 6.860268854924546 0.134663931901258 0.023128225051199 -0.813114316355866 0.565840807284104
1782875952.005751 40.409177515307888 -2.309950700443358 6.857927572871375 0.135072508641945 0.019230321528088 -0.838570905649041 0.527431937165322
1782875952.105928 40.400265970840664 -2.305633810527906 6.856460010761709 0.136658921989946 0.016759639113809 -0.860458354401424 0.490565871089737
1782875952.205829 40.388564164385002 -2.296846190911013 6.856169945613360 0.138895135348300 0.015064089667323 -0.880604279675087 0.452788380147848
1782875952.305756 40.378450837781045 -2.289649247424451 6.850110269762876 0.142691841247839 0.012016721478685 -0.899244162929233 0.413345584570378
1782875952.405858 40.370207048091629 -2.272936142354556 6.839917072415315 0.164480202351046 0.003695218392707 -0.913677968203075 0.371651959251947
1782875952.505948 40.353503032466584 -2.255094570719723 6.818484965238868 0.198195121262813 -0.010126136873909 -0.928374426005171 0.314224570011830
1782875952.605843 40.344264770332252 -2.248592781233163 6.821526471893500 0.183587280679401 0.005693208713239 -0.944780253909565 0.271391911393446
1782875952.705847 40.336732263107123 -2.251260863424487 6.820030256646346 0.182231844213299 0.023873932189422 -0.957007273687965 0.224407371591674
1782875952.805833 40.327631078931887 -2.243799371722080 6.820925367236845 0.174792044860116 0.017854663099282 -0.966540251534300 0.186892734538189
1782875952.905944 40.322865205455940 -2.239358677226953 6.822765833251565 0.172761968172268 0.020962789363962 -0.970233404975043 0.168407255442816
1782875953.005782 40.325393321569109 -2.233863156171838 6.828339391945202 0.171849839693408 0.021378023708758 -0.971752335728803 0.160337178175220
1782875953.105875 40.327724121499990 -2.236281128504852 6.827710574337480 0.169612751780628 0.018659049647603 -0.972634738244310 0.157686461879240
1782875953.205946 40.329287482052763 -2.236980713815258 6.828106895930762 0.168963538918080 0.016999617133465 -0.973739335972789 0.151637861739027
1782875953.305904 40.325027619327571 -2.232072152117444 6.826883948390894 0.171429255357680 0.016070698678527 -0.975691249375907 0.135574071793602
1782875953.406008 40.321198566026958 -2.222998300875237 6.826403707374677 0.173180512851013 0.017907405778594 -0.978473383874080 0.110804656205722
1782875953.505892 40.318742016920801 -2.208655702728452 6.824575317489691 0.177026337716474 0.008849314946884 -0.980832796543172 0.080934483410239
1782875953.605902 40.317208804737632 -2.189402667788058 6.816881647152301 0.190966915724940 -0.013010605075304 -0.980834377900078 0.036418187535394
1782875953.705994 40.306797671881455 -2.175640386885629 6.819411114840315 0.182978304551327 -0.003364843658460 -0.983110272766619 -0.001345165914243
1782875953.805865 40.289165428273833 -2.176185373578206 6.818104744321461 0.180349017259014 0.014055280579106 -0.983195525449090 -0.024560940502231
1782875953.905921 40.283360737447644 -2.173353604833366 6.820945296011058 0.174829753524987 0.010846909313259 -0.983571222996015 -0.043641163306925
1782875954.005904 40.285099844629570 -2.173134839470931 6.820967445692185 0.175758505072315 0.011116770200092 -0.983090103125972 -0.050191776724324
1782875954.106009 40.285455785498023 -2.173804985416022 6.822352009375857 0.175632443620202 0.008527965040253 -0.983137382010412 -0.050213610245607
1782875954.205179 40.285916438374720 -2.174430633826127 6.820781466874383 0.173827784774855 0.009032406853142 -0.983466206560377 -0.049965362205855
1782875954.305047 40.281038619895355 -2.177389673674337 6.818138767183695 0.173909769520752 0.012216215577789 -0.983282722148690 -0.052547544813934
1782875954.404936 40.272295624979272 -2.175913941503512 6.814940579023630 0.175641633570603 0.007197696583983 -0.983007073763539 -0.052870621816785
1782875954.504675 40.264432548107933 -2.172067709440900 6.812442217217953 0.180120001909830 0.003356224153713 -0.981506239412524 -0.064738108295116
1782875954.605628 40.236486156949368 -2.167209389297885 6.809534387346106 0.183646540569186 0.005920769718864 -0.980627845476531 -0.067881671302909
1782875954.706066 40.213452317556964 -2.172198165154306 6.803584681726704 0.180065233748477 0.012167826807390 -0.981244984292613 -0.067725448587627
1782875954.805935 40.188500702430311 -2.171791968867299 6.801439408187981 0.180758838820105 0.008185962320186 -0.981319171203246 -0.065359899312868
1782875954.905982 40.165279676151791 -2.165803721267825 6.796414254360019 0.181337407524134 0.002130685264772 -0.981341033443302 -0.063890381851060
1782875955.006046 40.134180695175083 -2.169995938239287 6.789609718694745 0.183561212118458 0.020111841663268 -0.981080230656863 -0.058158200150135
1782875955.105861 40.099768025188375 -2.176615101950618 6.788689410247069 0.176161209446315 0.026020415797262 -0.983177386039028 -0.040649647348123
1782875955.205979 40.067630728353578 -2.186176416323236 6.787427802139915 0.180875835956307 0.025389275871991 -0.983057564496598 -0.015399400109556
1782875955.305877 40.034921983892133 -2.193855000279543 6.781163817707593 0.181560293025550 0.033241035343896 -0.982814154009950 0.002689283057555
1782875955.405918 39.995034808914895 -2.200488076439345 6.769135099926831 0.187641641040443 0.024374155489794 -0.981798808951031 0.016358906872429
1782875955.505980 39.959198046957844 -2.205650515134629 6.765528700315581 0.182476914023993 0.020495041588700 -0.982551669408091 0.029569343277226
1782875955.606007 39.934366196159075 -2.206789665164179 6.764604100691543 0.173075718605990 0.008453821253830 -0.983949731795614 0.042617529661890
1782875955.705976 39.899893159057633 -2.205363411333356 6.759493344784734 0.166269077336285 0.000093079954942 -0.984750889298148 0.051188585488212
1782875955.805963 39.863339421738651 -2.215798452654356 6.747018994078660 0.173854121430977 0.008377130897918 -0.983365197334994 0.051937046600705
1782875955.905920 39.829947767407162 -2.224352623706411 6.736674617397340 0.164808212945333 0.013711699599774 -0.984822166077102 0.052683426644153
1782875956.006023 39.794381124383285 -2.233494567876106 6.726938353546392 0.167561419435488 0.013284704510312 -0.984259698730244 0.054585096850716
1782875956.106074 39.760594505866038 -2.237063970904310 6.717449506299173 0.169335401990216 0.008640591588742 -0.983777358450403 0.058591559204972
1782875956.206040 39.726320723301093 -2.242161292079910 6.709586063819163 0.173062555337620 0.010243808653188 -0.983097382602788 0.058855353569153
1782875956.306061 39.685219479933366 -2.250009385409180 6.699922583703590 0.171624332485817 0.011556609834103 -0.983033683893383 0.063689163904540
1782875956.406018 39.648142154509031 -2.252386619931575 6.699926434459618 0.166746899742614 0.003444100590855 -0.983665589345995 0.067717190829637
1782875956.506157 39.621966830499765 -2.254424321734422 6.701611773743247 0.161912901139768 -0.004593657825232 -0.984111930482540 0.072710515292707
1782875956.606199 39.589676639233566 -2.255154856084261 6.696533660423595 0.159342796989295 -0.010610842244720 -0.984350883088294 0.074502496855443
1782875956.706072 39.551370817342594 -2.261592402639861 6.686173575928621 0.168731696377158 -0.002066797900733 -0.983047147533552 0.071719235287226
1782875956.806001 39.517737723600511 -2.269359156591868 6.685160457167152 0.164082506779620 0.012150624951302 -0.983856827307508 0.070392021156702
1782875956.905937 39.488370240489580 -2.270935878294759 6.685203889010989 0.166881748195834 0.006510147531149 -0.983186625923601 0.073838734435947
1782875957.005901 39.463095828171852 -2.275575712013579 6.682916672804732 0.165183101169406 0.011715698636847 -0.983534829579715 0.072363834178574
1782875957.106080 39.425838890792875 -2.283345244868340 6.669887956750683 0.172064574517669 0.004137364553987 -0.982288471202999 0.074067697089837
1782875957.206053 39.392918893688723 -2.291321273211336 6.670200250078379 0.161452622721137 0.006580699060550 -0.983751220026108 0.078251403267923
1782875957.306102 39.365952640464421 -2.294046356559637 6.670447980099389 0.159876693943659 0.002569981706672 -0.983768093848772 0.081444308903334
1782875957.406049 39.340312142100217 -2.298782740142913 6.669387815032772 0.156050471887880 -0.004800902216005 -0.984128182483023 0.084361851592175
1782875957.505937 39.309282129861479 -2.304166540546763 6.660118153201517 0.159520505336456 -0.001276412608912 -0.983412023391519 0.086327118548960
1782875957.606096 39.270478090307599 -2.313175957954255 6.659211132436734 0.163990811221227 0.006306001379375 -0.983017766092617 0.082117718720155
1782875957.706192 39.233883768621382 -2.324235669886949 6.656920063238296 0.164759330569614 0.012748247432802 -0.982728242994450 0.083288928427496
1782875957.806006 39.200392493637089 -2.329888462606887 6.651411699765684 0.162785192690869 0.007692048189944 -0.983046399005813 0.084033272201297
1782875957.906006 39.161262883224126 -2.338625488163578 6.640997914291204 0.164440787626899 0.005405255404555 -0.982752355522513 0.084426407560201
1782875958.006188 39.124390672488786 -2.348979789869115 6.635239945236414 0.160259834963556 0.009523624723247 -0.983241383497645 0.086385575457570
1782875958.106091 39.086507185149770 -2.356032279558275 6.627845206296544 0.157955044410563 0.002620881693905 -0.983232364118512 0.091090356647891
1782875958.206102 39.050353955205047 -2.361748962803676 6.623485534629590 0.155563607820627 -0.002181587111382 -0.983249661737854 0.094948972041911
1782875958.306093 39.014916657134869 -2.365013548931655 6.616145291273544 0.155616083700885 0.001957612379018 -0.983195130613890 0.095431322868449
1782875958.406112 38.969461106933935 -2.373989234297682 6.606155285184884 0.162294428602055 0.004292342474272 -0.982262494387663 0.093821566604144
1782875958.506200 38.929714797018285 -2.384557789063148 6.606651530731737 0.164780185817600 0.015752899798908 -0.981874371536231 0.092314977279355
1782875958.606027 38.893504571999024 -2.387013929671496 6.602067737482004 0.166249368162350 0.009893570613721 -0.981608964463751 0.093311873469815
1782875958.706094 38.850899139954471 -2.393297345892826 6.591453109888602 0.168921296853332 0.011284744321903 -0.981040987926455 0.094323008980713
1782875958.806058 38.804987847223941 -2.398736475451158 6.580941970911065 0.168639807771468 0.015892692889338 -0.980695738155626 0.097692920474479
1782875958.906081 38.769249484908919 -2.409944087823318 6.577967739937103 0.164366043206609 0.009769545725938 -0.981141171636542 0.101244067166912
1782875959.006074 38.734276119086545 -2.422031689829726 6.573106231517162 0.162781331829285 0.002269423587393 -0.981123219648627 0.104375838155623
1782875959.106179 38.696057639339692 -2.434770393193609 6.563203212896504 0.164712189535296 0.008842755628669 -0.980566053423551 0.106216360155368
1782875959.206292 38.656662945740329 -2.452337387537310 6.553286876848865 0.160036570029423 0.011527677002316 -0.981361818737232 0.105756274711306
1782875959.306122 38.621210614758887 -2.466949078634850 6.551775883968417 0.165275930748516 0.012339497663418 -0.980230373903132 0.108074130069433
1782875959.406198 38.581326646337082 -2.472549926436182 6.548851397250917 0.169917421149678 0.010577520976614 -0.979598578360684 0.106783946890316
1782875959.506048 38.540467870865641 -2.477607811792259 6.533333733902355 0.177238507717428 0.006744951777483 -0.978259078272926 0.107471823210257
1782875959.606117 38.502271269902415 -2.484650514460478 6.532575162127445 0.163438329760025 0.013254475348960 -0.980969710124449 0.103974319265596
1782875959.706251 38.470347413572895 -2.489789930446434 6.526216287593839 0.164427266869924 0.005202631764915 -0.981084846975532 0.102025141839235
1782875959.806042 38.443936526561096 -2.496289536109882 6.524145350648749 0.163026190987747 0.004025478133481 -0.981322186255077 0.102044222478752
1782875959.906345 38.407492946898643 -2.505364977968894 6.513373949719147 0.166102910598683 0.009542087687197 -0.980858615886436 0.101168904780445
1782875960.006181 38.371371501912222 -2.516951894510012 6.513785383056484 0.159982230846127 0.021779730635255 -0.982463392463695 0.093257769733108
1782875960.106142 38.331377293434116 -2.523441741204366 6.507346027068524 0.167212217965676 0.014820388912412 -0.981969262491557 0.086929843881042
1782875960.206052 38.290863770231319 -2.523725126192909 6.498898518249351 0.174740867023706 0.009239078747585 -0.981469223141626 0.078092463409632
1782875960.306289 38.250445638554481 -2.522858090605039 6.484681961992981 0.181806585658774 0.012484869656964 -0.980399677253271 0.074879678700835
1782875960.406197 38.210542902586219 -2.527811810589908 6.481052409201173 0.166200089124543 0.015518082865941 -0.983240210518896 0.073317173280403
1782875960.506143 38.180830022394005 -2.532315543119387 6.474113980650734 0.168210468898946 0.010259543213655 -0.983784226334603 0.061388728126432
1782875960.606143 38.152602651877558 -2.538948211202712 6.470160954010369 0.170613273999421 0.012974481394515 -0.984057430881372 0.048515423267313
1782875960.706247 38.114684268519682 -2.546947958229905 6.461608424859052 0.164505734005191 0.011266174128208 -0.985459699459450 0.040989236893689
1782875960.806139 38.071924739352824 -2.552285161964545 6.461218445726416 0.163557633969619 0.027635198909308 -0.985635545794114 0.031745346407794
1782875960.906137 38.030281147657142 -2.549995848630207 6.455282684053469 0.171547214715412 0.020030124594463 -0.984590821387464 0.027409153062138
1782875961.006241 37.981351474398402 -2.545988361118846 6.441563659336719 0.181481831096682 0.019443009942214 -0.982911152024206 0.023916136237739
1782875961.106161 37.936902357951887 -2.546796238361515 6.433951516292517 0.173881524042036 0.024936173670422 -0.984176202847478 0.023250905103415
1782875961.206135 37.891497367992940 -2.551265246730368 6.431471409389557 0.172765129928899 0.015010377890523 -0.984509601667315 0.025840717114831
1782875961.306150 37.855009425038482 -2.552355736286230 6.429023581410978 0.171255516793657 0.007800237166953 -0.984801077791892 0.027884430202448
1782875961.406134 37.807169664362149 -2.559084315285679 6.416155814800277 0.173858377052498 0.013244501049782 -0.984313788456175 0.026911220254277
1782875961.506274 37.757502950926103 -2.562640703564475 6.409655887670072 0.164188860533945 0.021007998145749 -0.985868339268880 0.025774012446693
1782875961.606237 37.715470416799093 -2.559910493778796 6.401376370738390 0.169029898818682 0.021267981822363 -0.985005189576739 0.027227610276160
1782875961.706276 37.683059681779383 -2.559228817760041 6.392178710415528 0.172628083731541 0.016683140628933 -0.984533846959117 0.024785514271863
1782875961.806080 37.645114807976412 -2.560285956642113 6.379472497673145 0.182662397956959 0.011714280041544 -0.982744428334366 0.026657317820606
1782875961.906178 37.607810920536870 -2.566421490660647 6.373564118886780 0.168567755505081 0.020115996433800 -0.985046820483958 0.029377201122753
1782875962.006290 37.581495815045699 -2.575340367921477 6.368682535637234 0.167819506472800 0.012665839912242 -0.985198519790337 0.032558660128765
1782875962.106201 37.554944283252745 -2.579234717264429 6.366444018775720 0.168519781936554 0.009873362894969 -0.985013531242620 0.035382807549051
1782875962.206226 37.518157993984971 -2.587613200456767 6.357790109185471 0.173665924200708 0.015112652768841 -0.984048495115915 0.035500897986017
1782875962.306209 37.479791725858753 -2.591979095371550 6.363206319420188 0.163750827990205 0.025182727772817 -0.985594875918051 0.033974065379811
1782875962.406267 37.436633594370583 -2.594070419158523 6.362383423803704 0.170367863210258 0.019723842704976 -0.984429949281524 0.038515401745331
1782875962.506334 37.393734715834341 -2.596858414223476 6.355959449477820 0.174047497148253 0.018143147347353 -0.983887215129369 0.036663917489076
1782875962.606266 37.341604948465871 -2.601232959342623 6.340395433949423 0.184272565789771 0.011025672094559 -0.982070339557998 0.038208692891357
1782875962.706189 37.297264926979182 -2.604354293777556 6.339440593420787 0.170156657433327 0.015987116781301 -0.984401829627553 0.041763163840570
1782875962.806354 37.259908196127597 -2.612160021270413 6.331003596975244 0.171021956066414 0.010075096237027 -0.984204921701850 0.044616757802399
1782875962.906223 37.222992723102742 -2.623962722663922 6.325647940057734 0.171730576848645 0.009443772952057 -0.984013980661970 0.046215906237519
1782875963.006209 37.182347250301248 -2.632306635544028 6.312303725972227 0.169792704272695 0.008570012847036 -0.984277193754469 0.047910315280793
1782875963.106265 37.141853298069499 -2.638586433355851 6.309182576024327 0.165742957473071 0.024256891506053 -0.984790744827407 0.046130945846946
1782875963.206357 37.100756010365899 -2.638026255105358 6.304879877527632 0.171711722982768 0.019706504437895 -0.983745124343328 0.048705936021892
1782875963.306296 37.062654817956044 -2.639422195534246 6.296532641733530 0.178010244701458 0.019269202256440 -0.982607546071898 0.049228660637880
1782875963.406344 37.017190036252160 -2.642072432607718 6.279755265796505 0.178968789151227 0.022945698728074 -0.982145884083745 0.053227152815958
1782875963.506373 36.974517110406175 -2.646460649022542 6.277243997056860 0.169048516763925 0.018755133534672 -0.983773238496446 0.057105684166631
1782875963.606369 36.945363347023253 -2.656280265040695 6.273673101679269 0.170794036409387 0.009329284311373 -0.983351217167471 0.061341220043223
1782875963.705751 36.908770777265865 -2.667378964248306 6.264852338519440 0.172324640282582 0.016323267314506 -0.982996230443391 0.061287684159640
1782875963.805566 36.870522490984968 -2.678971381925679 6.262017784764305 0.165520776274767 0.015185882050702 -0.984179253926183 0.061347027221799
1782875963.905616 36.827837681773175 -2.691358849293723 6.258822976246029 0.167111954264121 0.024527137705292 -0.983854089318618 0.059187373560184
1782875964.006279 36.787147648269780 -2.691233097656220 6.251678349290071 0.175401298723052 0.019658842048382 -0.982426918900489 0.060706369972059
1782875964.106316 36.745053164193749 -2.693100179323898 6.238692807062786 0.183642888138179 0.015273736131724 -0.980911331508996 0.062088343012234
1782875964.205817 36.702992039801579 -2.695886101006393 6.232158565279945 0.174724036353141 0.022904712409689 -0.982193864012971 0.065131396154798
1782875964.306313 36.677805509737446 -2.699244762792907 6.231531219337000 0.172601250223452 0.016883978003657 -0.982471560682979 0.068362066653468
1782875964.405746 36.647699868600455 -2.708020713183356 6.229144159967345 0.169957280594190 0.004524865425247 -0.982824429040868 0.071764824575214
1782875964.505639 36.615735308472509 -2.718367606945887 6.219047903014064 0.171959532394186 0.009610072143015 -0.982379038339381 0.072587814152792
1782875964.606268 36.583843394637121 -2.731259248804422 6.215263976865595 0.163318947774268 0.014290515211280 -0.983809600663451 0.072397321188246
1782875964.705307 36.545463253898589 -2.732632621305444 6.209215360476356 0.166989222091469 0.022404114374232 -0.982755787733573 0.076182130716244
1782875964.806382 36.508818546231993 -2.732868464084180 6.204079494006034 0.169897926160975 0.016812449105134 -0.982444444246386 0.075199402993682
1782875964.906366 36.463166905804826 -2.739542697425588 6.191121715956002 0.172817890656179 0.016525367588739 -0.981850646844320 0.076355721373747
1782875965.006297 36.422294819426959 -2.748878393010482 6.182927223104161 0.169493758088336 0.020728852187818 -0.982027335703167 0.080402068304966
1782875965.106291 36.378232739017015 -2.757956024338161 6.182969600506220 0.164563193845999 0.015793217750697 -0.982589465898754 0.084778953809272
1782875965.206294 36.343777040907625 -2.764394317470305 6.177932570227748 0.162309410514899 0.003660925774515 -0.982585737374147 0.090374341433797
1782875965.306259 36.302888736705505 -2.774342100811413 6.166797188646734 0.161946170086330 0.001758477067101 -0.982685210101731 0.090000686664041
1782875965.406269 36.256661088843352 -2.788032142363939 6.156100797051145 0.161966268519199 0.004650657002350 -0.982521748394425 0.091631398457537
1782875965.506357 36.215779390191479 -2.806050947324590 6.153485243231791 0.163374349600413 0.018623539766670 -0.982188431262151 0.090927834868672
1782875965.606377 36.180270864142045 -2.814842780822231 6.146026740249445 0.167677310466771 0.014453254544479 -0.981487727754507 0.091418068536297
1782875965.706352 36.140971034859568 -2.823637885393061 6.137293921733577 0.172140797127579 0.015009343753269 -0.980632496525388 0.092207224894111
1782875965.806397 36.099608131641993 -2.832857087180755 6.128558756039831 0.169193724504284 0.016176933828142 -0.980769178850176 0.095935437757637
1782875965.906402 36.059549468837240 -2.836794741654605 6.128045568924075 0.164551485808791 0.011207468495550 -0.981244959546738 0.099777404917499
1782875966.006464 36.025529229441183 -2.840881562012336 6.126300390919783 0.163691297905509 0.007266140617320 -0.980910715579953 0.104721202489620
1782875966.106398 35.991078955064559 -2.847641429325825 6.119484613434356 0.164310758551333 0.010682376556271 -0.980736283559350 0.105091405764216
1782875966.206341 35.948683939519505 -2.857898035585558 6.117581349929849 0.160336832225661 0.010818609856920 -0.981289180691534 0.106049996559413
1782875966.306321 35.908740098257489 -2.869261370188362 6.114368158826956 0.164294229133003 0.025086881749999 -0.980422236992713 0.105594942339894
1782875966.406357 35.869127919760977 -2.874006302015146 6.106813658252177 0.168422517875390 0.018150271049664 -0.980055234940855 0.103904569669823
1782875966.506296 35.828498038690206 -2.876468061325598 6.093136915235057 0.174587326706458 0.014135436688466 -0.980505303152482 0.089043839050696
1782875966.606411 35.785132882505039 -2.880728467744565 6.083608686949587 0.166788138673084 0.022612597254585 -0.983753871956623 0.062439624067007
1782875966.706362 35.747782108936946 -2.876696932175236 6.077843943782849 0.165788613439402 0.015657917560728 -0.985058029374154 0.043927713768400
1782875966.806325 35.720301145395659 -2.871766716138175 6.078975080541141 0.161103857708477 0.001890993759779 -0.986544142631417 0.027796147459639
1782875966.906436 35.687615527012831 -2.866581557384312 6.074868473745783 0.162368166647144 0.005750690696458 -0.986568266301358 0.016928199644364
1782875967.006372 35.652209042563328 -2.868734782474645 6.068614425932125 0.168274622275388 0.016008453384236 -0.985591799506863 0.006015452024012
1782875967.106506 35.613382854903314 -2.870306782545196 6.066727996951069 0.166517410194940 0.019232962044793 -0.985850785581410 -0.000523298556960
1782875967.206425 35.579033999886228 -2.872335174315592 6.062074873056701 0.156891085721779 0.020902064310291 -0.987364960382431 -0.007663285034522
1782875967.306394 35.536169373536310 -2.875958037574328 6.050140207065430 0.160510232629136 0.014712294819762 -0.986887368308148 -0.008563636856195
1782875967.406492 35.502213288772872 -2.874101834215991 6.042329567254807 0.158638015761625 0.013315644708062 -0.987228618907010 -0.006027235858114
1782875967.505573 35.468871639095049 -2.871723835263394 6.032091243090058 0.153485471769017 0.012259451112702 -0.988065624863388 -0.004270454014436
1782875967.606436 35.437765404289379 -2.869194475193825 6.025931532555847 0.147084372972609 0.011528120842908 -0.989044028272488 -0.005019939792812
1782875967.706504 35.394745164442249 -2.870269823854742 6.016529972523548 0.159535761910173 0.021480609602357 -0.986917957241497 -0.008936988140877
1782875967.806598 35.353613211793736 -2.869817476916611 6.015137073424714 0.162279947943368 0.024971137372470 -0.986384681915095 -0.009323093745471
1782875967.906529 35.311798843878876 -2.866192884285334 6.010017629241684 0.160303935040156 0.017325105424925 -0.986861516378187 -0.010336180353941
1782875968.006422 35.267382192840152 -2.867486928647996 5.998407949060169 0.161188059117056 0.014693457322055 -0.986744719217629 -0.011720537787655
1782875968.105653 35.216495272020126 -2.868748448412450 5.992648219430367 0.160166262046404 0.016950328152509 -0.986896565422142 -0.009727488652886
1782875968.206358 35.184274445756174 -2.868754030453605 5.988895103693499 0.158897083889069 0.011756985246157 -0.987219690376064 -0.003282219244506
1782875968.306354 35.148257301561735 -2.869843722843883 5.983970618996997 0.156514156703797 0.005783165201624 -0.987658428180472 -0.000838448291469
1782875968.406492 35.111645637200446 -2.873658322758569 5.972449594474130 0.158434452929073 0.004018484466701 -0.987360087194227 0.001560167738955
1782875968.505635 35.073525042788759 -2.882651386977416 5.964851981246355 0.160866664470489 0.007448127059262 -0.986942993301940 0.003157473287670
1782875968.605669 35.038829127376744 -2.887909418677389 5.963388990839285 0.165327474641303 0.022446705269231 -0.985979253710417 0.002807633138576
1782875968.706519 35.006563264600025 -2.887383760424400 5.961267735608180 0.167622238363929 0.013728220425508 -0.985752552649444 0.002495218392783
1782875968.806368 34.974652302586406 -2.888602518223265 5.955388454870914 0.171277886516045 0.015701141564483 -0.985093755697829 0.002766266296052
1782875968.906431 34.927392815382440 -2.889812777195213 5.945649837597740 0.172895825830888 0.018152108628046 -0.984749089534458 0.006838495709900
1782875969.006453 34.878524213759313 -2.890070331880493 5.946061013730023 0.167138187618991 0.010578299454049 -0.985794860275565 0.012705088519429
1782875969.106551 34.840146619068996 -2.891335924599991 5.939234192867345 0.166027905538037 0.006558933760758 -0.985983395498349 0.015114852696215
1782875969.206486 34.800696107595208 -2.893424397754526 5.929139897169476 0.169261433201725 0.011613539035472 -0.985373105194864 0.015985509066256
1782875969.305652 34.753200378858267 -2.898316018481630 5.920608430380251 0.165218224029346 0.015313781315618 -0.985975749960538 0.017895447467653
1782875969.406512 34.710493907377895 -2.907218981640292 5.912815525463941 0.169450602515547 0.023378678283714 -0.985102974251422 0.017665243551506
1782875969.506397 34.671497614795030 -2.907531918246347 5.903924472740409 0.172410205678947 0.019055653966483 -0.984687774658913 0.017366331415631
1782875969.606483 34.624658623340856 -2.908631104395814 5.889982994788727 0.179374822569762 0.015822060660659 -0.983464931614764 0.019263014000699
1782875969.706465 34.582902115072464 -2.912061321621375 5.883863853311813 0.170154183182757 0.022297960579649 -0.984933548045351 0.021360262968874
1782875969.806487 34.552471783592807 -2.911980990805808 5.880654069660874 0.166690738681303 0.012434549233992 -0.985551958632536 0.027329772386669
1782875969.906570 34.522113816012265 -2.913115248852508 5.879221066971923 0.166402281366054 0.008151529330472 -0.985567867502953 0.029996864358373
1782875970.006523 34.480340364706947 -2.916211252156494 5.867388001735327 0.168803634639877 0.011763070596908 -0.985058244236566 0.032050250607073
1782875970.106533 34.434496209429952 -2.921506031386246 5.866700034931632 0.163507191374714 0.017519426062178 -0.985811209701156 0.033685707750489
1782875970.206470 34.388226525911357 -2.924373335889793 5.862462372213765 0.168091341152700 0.018250558186642 -0.984993414951676 0.034643767940310
1782875970.305736 34.337969392372663 -2.927339247413414 5.854649454433773 0.170988794266228 0.014979061134209 -0.984586974050086 0.033570083314148
1782875970.406511 34.289500764450622 -2.928505884696668 5.841494983931645 0.177344868684221 0.012575312694935 -0.983440913013600 0.035137297461255
1782875970.506403 34.244311081348876 -2.933343445760859 5.831398971711073 0.164974401592896 0.019612892647402 -0.985299009897068 0.039807566577606
1782875970.606581 34.210898561290527 -2.939644935362951 5.825316750615194 0.166616811915054 0.012356306486149 -0.984987397942624 0.043427935380438
1782875970.706420 34.179343435930811 -2.947498396267852 5.819982899115936 0.167937147970092 0.009983711029836 -0.984724181672220 0.044896835919978
1782875970.805631 34.139835260187006 -2.956865165227055 5.813315045553760 0.170180710224502 0.011951525202927 -0.984594882232895 0.038322379799593
1782875970.906559 34.099833270192626 -2.961246686213243 5.817545613997479 0.162835461471923 0.025103573467842 -0.986148339091811 0.019127895669348
1782875971.006480 34.058498295724881 -2.954916779724960 5.810385541701362 0.172029876527720 0.017001035463364 -0.984873835076165 0.011841256576218
1782875971.105700 34.011167790361988 -2.950288937460455 5.796000646353829 0.182845639175752 0.010591391783420 -0.983074958720596 0.004349734578661
1782875971.205534 33.963768822470847 -2.947540493301202 5.784376774306651 0.178897195857715 0.016879221551673 -0.983721644066829 0.001616226598271
1782875971.305190 33.920893032868669 -2.946777800422707 5.782122220889750 0.172793173980458 0.012626654536767 -0.984871122419022 -0.003458156441124
1782875971.405582 33.878872375263214 -2.942326876520004 5.777428196637872 0.174120324645933 0.008290201925315 -0.984633988063213 -0.010454408059361
1782875971.506554 33.836368396558839 -2.941802165042020 5.771109099473926 0.175076262097423 0.015656390463924 -0.984288688129834 -0.016702045000298
1782875971.606540 33.792111815230470 -2.943896417786132 5.773175987009284 0.164692343722886 0.023427290834581 -0.985822610592859 -0.021940246283960
1782875971.705567 33.751254916845177 -2.942866227852917 5.767896481852174 0.171395637890050 0.019763452628738 -0.984745651729832 -0.022559757346849
1782875971.806523 33.706263439119837 -2.938276746630704 5.757513363607035 0.176921686375223 0.016569747400878 -0.983727035305426 -0.026557115248505
1782875971.906481 33.656458560781125 -2.934136642348266 5.738124053116530 0.186497921376582 0.015407239089287 -0.981964781909604 -0.026950127921602
1782875972.006570 33.612474785210438 -2.931539855162595 5.733316284481396 0.170050675504722 0.017899446655801 -0.984556686041778 -0.037556750926321
1782875972.106514 33.579592463457963 -2.923828140558955 5.729336227301457 0.170010126149291 0.011121391088296 -0.983959181778859 -0.052888564547998
1782875972.206549 33.542437943147455 -2.915078610821133 5.722055194703228 0.170321019993621 0.014164323934617 -0.983146289287965 -0.064911446872018
1782875972.306513 33.500587259632510 -2.906114840303977 5.715190585911436 0.163727360111472 0.014409659787168 -0.983754387579935 -0.072201233873663
1782875972.406647 33.461037530625056 -2.901631225033811 5.715526282097867 0.169865137113721 0.023068135584868 -0.982104786482652 -0.077999260776916
1782875972.505588 33.422951211275624 -2.891864670414188 5.712771072778398 0.172633877442940 0.016618734039192 -0.981293693421575 -0.083570624557328
1782875972.605660 33.379521803014590 -2.881745823511074 5.700040984102992 0.180259052545018 0.008780723337750 -0.979881499258236 -0.085216314662017
1782875972.706547 33.333763070740240 -2.877067125094571 5.688591479204588 0.171790717339161 0.022028373698891 -0.981133889161384 -0.085901057777188
1782875972.806543 33.296637483124726 -2.870655744543853 5.678382518283347 0.170584632305403 0.010741567864255 -0.981769073918492 -0.083156403470685
1782875972.906563 33.255449520118297 -2.865304302605626 5.668419853470811 0.173222426377723 0.006879449172678 -0.981474899040652 -0.081570133823230
1782875973.005591 33.208503960411022 -2.859914029218010 5.652541497703512 0.176477913062117 0.010171418550091 -0.980942038622749 -0.080652373235183
1782875973.106552 33.162458927641374 -2.852501703893228 5.649919079623008 0.170167613105012 0.023655723265291 -0.981468682167588 -0.084868228042427
1782875973.206532 33.120576337270734 -2.842505859564018 5.647250828570219 0.175829156932082 0.017926037955260 -0.980717608513458 -0.083401061667876
1782875973.305723 33.077769601688829 -2.836759337498264 5.639535389267408 0.181351701155486 0.016519078048225 -0.979738379300732 -0.083374988297020
1782875973.405661 33.035631238011725 -2.828270105602473 5.632137893788195 0.183176915685529 0.019241362638192 -0.979629243360971 -0.080015830156781
1782875973.505659 32.994806249374498 -2.821790214995644 5.630356713301238 0.173437423741091 0.011773019768763 -0.981851485061261 -0.075818977403271
1782875973.605721 32.958214976011448 -2.814444117175350 5.625867871176073 0.169739808501295 0.004764040155922 -0.982816842571848 -0.072365428820291
1782875973.705667 32.917442674450776 -2.810414928474337 5.621679911673551 0.167636071463872 0.006842807420411 -0.983198040345588 -0.071923132518454
1782875973.805814 32.871912600420671 -2.809848967554233 5.616789939496005 0.165074409321763 0.015600752788188 -0.983474999240801 -0.072691001972215
1782875973.905668 32.828837904098165 -2.804410308271866 5.612400078552213 0.169519998708510 0.016578425537473 -0.982903865687897 -0.069915067476610
1782875974.005541 32.787213411687418 -2.798305217520068 5.605691869274334 0.171715173159491 0.012963523334591 -0.982582457895263 -0.069839528964400
1782875974.105722 32.737579359478779 -2.788612465918082 5.587876239822303 0.178908257810533 0.005975130663810 -0.981424734453628 -0.069004519440986
1782875974.205681 32.688788364014613 -2.782762028294480 5.582125835525583 0.167794304319189 0.016091622106483 -0.983384123468191 -0.067392854566531
1782875974.305490 32.651112852081077 -2.781196940207039 5.570176377100482 0.168084945356607 0.003371888270165 -0.983892626411756 -0.060756737950956
1782875974.404885 32.610562302429059 -2.777414715181265 5.564769271344478 0.167899053468833 0.008001446027492 -0.983915524321973 -0.060465905300932
1782875974.505004 32.561799076029615 -2.775326683324095 5.550359703445435 0.167686522252701 0.009076609696994 -0.984024903825323 -0.059108663177838
1782875974.605936 32.510668355675151 -2.769282103570951 5.550272237621329 0.168406570596972 0.020765389058223 -0.983613027276953 -0.060937986248316
1782875974.705717 32.465117630839124 -2.758867776412005 5.540920988279611 0.171880223676826 0.012352351866734 -0.983260772046058 -0.059184983462516
1782875974.806549 32.414669350853458 -2.752619367937482 5.526032140116630 0.179223581756474 0.009336642381569 -0.981977845689938 -0.059255762803897
1782875974.905724 32.360596222032250 -2.747058716240409 5.519909681048277 0.174026942953634 0.019419350253717 -0.982970032289023 -0.055744305391300
1782875975.005609 32.318474172944072 -2.746311320125627 5.516587812686470 0.171515119290967 0.011359095582242 -0.983825250059677 -0.050412420563554
1782875975.105725 32.275235092431622 -2.742665954464842 5.507201581136897 0.174035635623781 0.009305766503285 -0.983506585436204 -0.048371444534303
1782875975.205671 32.227733544633708 -2.745688040180009 5.498576544649264 0.172099114233778 0.011543639456583 -0.983937161856272 -0.046003269298759
1782875975.305656 32.183879914567193 -2.747896968253041 5.498762709184987 0.169833837790519 0.026220834098094 -0.983957547825898 -0.047921597186379
1782875975.405668 32.140132473877642 -2.741333631026015 5.491801467850344 0.177159516340133 0.024112382713580 -0.982727047836642 -0.047756132801820
1782875975.505643 32.094634047844075 -2.737242430994961 5.477696307165774 0.183864687667687 0.022464616232887 -0.981598448800948 -0.046406927907877
1782875975.605567 32.050303283110985 -2.732579489402965 5.467112998861608 0.180543853927072 0.028941495778410 -0.982116434811993 -0.044873322847228
1782875975.705634 32.011344215526741 -2.732165237904231 5.465409162588791 0.174258869325291 0.021184999597566 -0.983653864384639 -0.040126267389200
1782875975.806598 31.968900913740203 -2.730312491005530 5.458500494385471 0.175157766878283 0.010365157114418 -0.983823389655782 -0.036108976533739
1782875975.906625 31.920537942345035 -2.732210599996099 5.446331446279486 0.180040459434710 0.014713968695168 -0.983000680211327 -0.032841966989572
1782875976.005733 31.877648598584678 -2.731858059667993 5.444962349486292 0.168121263485703 0.023120257275748 -0.984878460813656 -0.034858455110587
1782875976.105717 31.830970130271119 -2.727727421814522 5.439500716666098 0.174206164811542 0.021599613632960 -0.983891257270321 -0.033818082433635
1782875976.205733 31.788761449283275 -2.722669792598116 5.430014579882452 0.177295273537992 0.021499608503169 -0.983291940499416 -0.035229427529999
1782875976.305712 31.739035775814507 -2.717862324786268 5.411915413121199 0.185356457876366 0.018209234991249 -0.981957801332184 -0.032715190467451
1782875976.405641 31.693628518643774 -2.721295050949867 5.409965688812751 0.172399286472020 0.018717881740763 -0.984368810891456 -0.030759893873621
1782875976.505741 31.654168301711326 -2.719548614505351 5.404234622304549 0.170101139943179 0.009168799399657 -0.985110993745560 -0.023191923359930
1782875976.605684 31.619535770505536 -2.717511985320080 5.401427427456789 0.168403401932384 0.004276560869776 -0.985453256140144 -0.022447387540923
1782875976.705631 31.581424329872473 -2.718692102856605 5.391588346489642 0.169203951858138 0.010459470322498 -0.985283742432838 -0.021830461598454
1782875976.806594 31.537693997805150 -2.719434255489195 5.391063493462247 0.166194051497474 0.019336810493519 -0.985607453117197 -0.024157263225016
1782875976.905667 31.496571956937427 -2.715938660897297 5.384795191540101 0.170141668211974 0.010915898825019 -0.985168082997740 -0.019403714421365
1782875977.006676 31.453765428861171 -2.712544395740231 5.376249684248447 0.170764645092945 0.015884929375251 -0.984962627104919 -0.020874103848970
1782875977.105761 31.402546621290739 -2.710132660438322 5.359519460694973 0.179083879215951 0.010954833880945 -0.983630067135648 -0.016758485797529
1782875977.205656 31.357136176130705 -2.713721186435612 5.358859300396856 0.170592396370881 0.013203542102297 -0.985247178404739 -0.003449379914090
1782875977.305691 31.322602318726631 -2.717196989337781 5.353591733908529 0.171365989898152 0.004163343236194 -0.985149536384248 0.009836414037754
1782875977.405675 31.279115197629419 -2.717560263742093 5.344338415367345 0.170940502674551 0.012062087708706 -0.985081945674676 0.015729300403118
1782875977.505670 31.229763246012855 -2.721220931735138 5.335533079748764 0.167977386485546 0.014200569906951 -0.985511713547110 0.018670937446727
1782875977.605701 31.175756221991300 -2.731943737103436 5.334059083668571 0.170046105662022 0.026114713614007 -0.984840534345014 0.022169023274924
1782875977.706728 31.127307587960519 -2.733159822211884 5.329768133463372 0.173378558751261 0.021452351993823 -0.984301763353416 0.025094035516868
1782875977.805645 31.075450343401378 -2.743064581377437 5.317369455704297 0.178681802225401 0.016898424035551 -0.983396893058460 0.026791930528856
1782875977.905656 31.023520095440453 -2.754145590608604 5.303972447442933 0.173950063264133 0.021959622674638 -0.984007487552649 0.031439066503527
1782875978.005814 30.985747957433588 -2.758354969918591 5.299424088891267 0.169930447996200 0.008443134513427 -0.984639884115791 0.039200190455351
1782875978.105668 30.943715377370427 -2.756765942764792 5.294373917871236 0.168844827988666 0.004767190001349 -0.984741873076709 0.041858587771698
1782875978.205706 30.892250371566849 -2.763710447697133 5.282128327600537 0.168813324473415 0.009137890871399 -0.984625415347692 0.043947148734999
1782875978.305708 30.837903913021716 -2.775527969152813 5.276161648034048 0.166891747886475 0.017652552463605 -0.984991882943874 0.040330167536166
1782875978.406720 30.784604137446205 -2.774479583576343 5.265869281802152 0.171692968381610 0.012003063170590 -0.984387833764470 0.036851646085707
1782875978.505874 30.733290758552229 -2.775241298260226 5.254735402376688 0.174087515494308 0.010767453462937 -0.984504842347881 0.018105642446834
1782875978.605858 30.681699867953750 -2.772040682223605 5.236622843198373 0.181581912787165 0.007444119138606 -0.983336218232627 0.004740880789185
1782875978.705870 30.632881025314163 -2.770093309950326 5.230117025419951 0.170953650074254 0.013281045578589 -0.985189161120372 -0.000883269756135
1782875978.805737 30.596546085881293 -2.767420018711060 5.223911179471800 0.168765158309614 -0.001037157038857 -0.985647225398626 -0.004097890907794
1782875978.905735 30.553807256645197 -2.760896307418326 5.215709199653228 0.167285305396913 -0.001225148186248 -0.985871143251953 -0.008497912282773
1782875979.005982 30.504042952453300 -2.759506067048095 5.206341765434066 0.168855814527973 0.005220144808879 -0.985567564986520 -0.010818448812422
1782875979.106750 30.447218014335057 -2.758928446808222 5.211282543706811 0.171655958860541 0.017870157836055 -0.984908000072401 -0.013081308797735
1782875979.205972 30.404362678303826 -2.753604798960355 5.209610106746720 0.171636590322677 0.009907608789743 -0.984994312409554 -0.015130256812120
1782875979.305804 30.354681508885612 -2.753428486137723 5.200604710598508 0.173961823142957 0.011132556583943 -0.984543892298383 -0.016931462149798
1782875979.405788 30.302005864256049 -2.755604296572169 5.185475042858712 0.173549909031736 0.013783730696277 -0.984606241363953 -0.015523765980354
1782875979.505689 30.259260665452722 -2.756372009759432 5.178899591764507 0.170651487572667 0.007193815973790 -0.985250057080922 -0.010423234762095
1782875979.605805 30.219609008313665 -2.757134311497355 5.171178951496522 0.171785542956227 0.004388659360808 -0.985077557401338 -0.009626671509743
1782875979.705806 30.174061133602773 -2.758558624454003 5.157832746743311 0.174696293755910 0.012408566555406 -0.984512026114610 -0.007956309420213
1782875979.805775 30.127025828470142 -2.761920216273635 5.153184225458560 0.170322485711994 0.020159094933317 -0.985103800849984 -0.012424302924864
1782875979.905814 30.082278684047843 -2.760767443432672 5.145896606422476 0.173890419347910 0.017534203411903 -0.984570121970745 -0.008737773865503
1782875980.005775 30.039101807425851 -2.760737494204911 5.137036388712193 0.176909178054739 0.017268385827193 -0.984025808323294 -0.009907276341259
1782875980.105578 29.986616030922534 -2.757377789354039 5.119541546157408 0.184929646106961 0.013812054937250 -0.982626476591284 -0.007447189460296
1782875980.205730 29.937141670700843 -2.758881871272287 5.118569413903296 0.173890848306297 0.011672902152664 -0.984694348395868 -0.001660261360242
1782875980.305751 29.891577624434600 -2.760290185010665 5.116502571774613 0.173166719019627 0.003943676563087 -0.984878975727781 0.003337365493268
1782875980.406805 29.842889464242418 -2.763555496811975 5.113285022261929 0.171953647968143 0.009920549211570 -0.985047944670486 0.003751313654385
1782875980.505757 29.793430097517888 -2.771408268759033 5.109968773189806 0.166280241804928 0.014639270802952 -0.985956572539691 0.005119570424441
1782875980.606800 29.744151085429358 -2.775398891307290 5.107895738142852 0.171711448695340 0.016892216102318 -0.984970903027805 0.007883629277420
1782875980.705896 29.701246909555774 -2.775482548015700 5.095768661698193 0.174764256693285 0.010872540221341 -0.984524181498714 0.007167879446391
1782875980.805841 29.651170661503524 -2.773724878004439 5.073021150136839 0.183644345526093 0.007627308310412 -0.982917119570681 0.009513915019472
1782875980.905915 29.598632171034144 -2.779911561582964 5.059921521138071 0.169726656054751 0.015329854760716 -0.985297244950614 0.012132471722985
1782875981.005867 29.556288085633554 -2.782830040751615 5.047527636648582 0.172357037042405 0.003168611662170 -0.984837207671701 0.019459857846271
1782875981.105844 29.511314310042142 -2.786529375335470 5.034516428589569 0.173382703698034 0.008640906043759 -0.984615929436434 0.019880752023546
1782875981.205796 29.464470197690321 -2.790752560672374 5.032334148401250 0.164590782414225 0.006350787757493 -0.986085434588480 0.022473485076245
1782875981.305862 29.411510555369766 -2.793511537024533 5.032341914357003 0.171621318708155 0.019380330603248 -0.984734148928565 0.021660602124816
1782875981.405818 29.362753164493341 -2.794970828633749 5.028735015353115 0.176842402184040 0.016098767551921 -0.983883411819251 0.021000629035534
1782875981.506845 29.307511390310285 -2.793777740325042 5.014996857716278 0.185200259013037 0.011712609002579 -0.982351204863585 0.023447583133684
1782875981.605822 29.257979229240625 -2.797361964431124 5.009354850636806 0.172689690142299 0.021291715272401 -0.984416808730969 0.025465279639940
1782875981.705907 29.213110330269974 -2.797135039933765 5.006427542710794 0.172790193933199 0.009276947594095 -0.984328647704347 0.033979411888473
1782875981.805899 29.169489701003737 -2.799229458989303 4.999524536352445 0.174291792533386 0.007980380971328 -0.984029735153425 0.035272721879989
1782875981.905827 29.117288318355580 -2.807965459893636 4.988588303895159 0.173637913848455 0.012984559314520 -0.983978733532397 0.038303107571498
1782875982.005945 29.063864137144968 -2.813680649777113 4.986715452102895 0.169296381482628 0.025198301930100 -0.984649154677944 0.034202675167720
1782875982.105587 29.015612172953887 -2.819897054066340 4.977341834027379 0.173193689468104 0.018895958793086 -0.984085389617733 0.034969052182198
1782875982.205925 28.965982348340063 -2.823531572983347 4.960280460347612 0.175355892463606 0.018829547680536 -0.984034946799267 0.023895241996947
1782875982.306829 28.911482130755182 -2.826965115601045 4.943745262083742 0.177277750843498 0.022387507113522 -0.983802572890549 0.014279221090031
1782875982.405853 28.872512570796083 -2.829415520227110 4.944500177988322 0.170902993262122 0.015617914837623 -0.985081396575679 0.012762826903640
1782875982.505546 28.832465970464696 -2.826876563337144 4.938009373441717 0.169917640443223 0.000590938883734 -0.985407134098550 0.010021293579940
1782875982.606859 28.791780989619298 -2.824586041593695 4.930232480149722 0.166127231471545 -0.004519737013904 -0.986064031367887 0.007683813072072
1782875982.705906 28.743794483178633 -2.827270379035841 4.921906191337453 0.169119676177810 0.007022472601306 -0.985552789313500 0.005909271050377
1782875982.805861 28.691531038189027 -2.829117721590285 4.924836722252923 0.172933508016775 0.014924864038875 -0.984814032318582 0.003545699753025
1782875982.905627 28.644972783759922 -2.827009231603976 4.920374797911832 0.172499744489675 0.014544857762460 -0.984902169555769 0.000040839899765
1782875983.006027 28.589937266327862 -2.824913462779942 4.903439929424742 0.175510231611538 0.013327167735479 -0.984386711570261 0.001160725460036
1782875983.105883 28.537730290529254 -2.826742165447808 4.892815923337959 0.168578884865039 0.022270387911316 -0.985432490600254 0.002827696803028
1782875983.205956 28.491155011506372 -2.827707010076230 4.887302175261925 0.170327766695974 0.010195628535132 -0.985302168387278 0.008008621751161
1782875983.305960 28.443355199984698 -2.830512609552105 4.877894202254279 0.172273702848626 0.010058123983860 -0.984952446107011 0.009449039975244
1782875983.405866 28.392001849182673 -2.836233366483190 4.864315799312223 0.171534627042259 0.014153198502100 -0.985008675048616 0.011552868755974
1782875983.505910 28.340604916063828 -2.844112963366173 4.862940741520542 0.168439558231877 0.027355797037946 -0.985304728124585 0.007373488068522
1782875983.605974 28.288339267931391 -2.845276618919159 4.857092926006073 0.175332471108991 0.020614684181336 -0.984239847002915 0.010270488911807
1782875983.705900 28.233654322376225 -2.846457880272572 4.844249982744835 0.181568392010127 0.017197049331831 -0.983162008427621 0.011386206637547
1782875983.805925 28.176967881938683 -2.850019181495516 4.831003798108879 0.177752886093264 0.023983241744031 -0.983692660770470 0.013321589513512
1782875983.905938 28.135364901750993 -2.852728355103333 4.825749156396787 0.170693614640567 0.011240302177400 -0.985059009263609 0.019902105325517
1782875984.004903 28.096118924406031 -2.854806700147728 4.823942274107971 0.171162401479335 0.003486930989026 -0.984997042305102 0.021727868791002
1782875984.105747 28.053778969863789 -2.853553779612047 4.815326700549919 0.172563985557008 0.014301062887910 -0.984622081208947 0.023162635528181
1782875984.204967 28.011891529130938 -2.853677762114676 4.820181510129707 0.166690253116763 0.020565848724152 -0.985563823643539 0.021339046537849
1782875984.305702 27.967837136373497 -2.851197869511290 4.816582161044604 0.170203133217891 0.015898453961093 -0.984910022150547 0.027025559601244
1782875984.405655 27.924386672128140 -2.851946314101328 4.807037580096181 0.174182086332001 0.016202433107207 -0.984234729978563 0.026078310266428
1782875984.505682 27.874068739760652 -2.859343544253250 4.788425918926976 0.181004338413741 0.013689709526054 -0.982970224980841 0.028627925693271
1782875984.605498 27.831342106323444 -2.867690085800626 4.780686496449945 0.172465146574970 0.010137780914766 -0.984414135459422 0.032890857735320
1782875984.705560 27.788340829219205 -2.878597007069383 4.769520847551220 0.172661663589356 0.007011646040744 -0.984237350461587 0.037624788406045
1782875984.806017 27.743741986933941 -2.886619161760431 4.756353018032133 0.176503547874936 0.016847928655382 -0.983441365515565 0.037493005752438
1782875984.905953 27.691323350187655 -2.890789790630619 4.755542768445994 0.167252709191751 0.019494305266998 -0.985014282903653 0.037327815444611
1782875985.005579 27.644068581352418 -2.887163020707958 4.754641046328656 0.173036644384961 0.027417521769985 -0.983754160242196 0.039170797873459
1782875985.105590 27.599228658475635 -2.887858530650108 4.749745496721610 0.177043992241280 0.024727106301931 -0.983184019081503 0.037325321804806
1782875985.206024 27.549102393372188 -2.893032623339861 4.734746507751245 0.183693339300936 0.021241139453382 -0.982147140962226 0.034533528502102
1782875985.305964 27.500857029706804 -2.896456757874412 4.732356023835981 0.170113606706464 0.025368797687326 -0.984809874839855 0.023817962444601
1782875985.406025 27.459377181542990 -2.896410495900599 4.727400987820956 0.169373750505433 0.012064712652331 -0.985289301596365 0.019286459187055
1782875985.505669 27.412499356800605 -2.897516596766481 4.711554429600855 0.169551022633187 0.009700544622930 -0.985362875195826 0.014776817781930
1782875985.605550 27.354634654628022 -2.901813775218022 4.693660073969323 0.170709822418659 0.017935232270519 -0.985054405318329 0.014293443812846
1782875985.706132 27.297025323383696 -2.909258831687227 4.694439165266050 0.169013261291386 0.021178272887095 -0.985345374091153 0.008971734627274
1782875985.805988 27.249502439776013 -2.905491932816105 4.683944733397626 0.172754636309674 0.015409206164730 -0.984840786151272 -0.002649137919738
1782875985.905937 27.200510283123084 -2.897335577606102 4.666946956780530 0.175242782959310 0.015605875115245 -0.984224224220060 -0.018684221709024
1782875986.005627 27.154624592532038 -2.892884060704686 4.650663502108322 0.176063635407978 0.021848487106838 -0.983802273211409 -0.025638391564632
1782875986.105946 27.109266430656493 -2.892492000007650 4.648968511250821 0.170742311121607 0.008862028993752 -0.984825795835168 -0.029777163942874
1782875986.205658 27.071844478067987 -2.885712572547972 4.643629166698943 0.170518841322252 0.002329062591671 -0.984789915331570 -0.033267444787478
1782875986.305634 27.024552134421253 -2.884716658843685 4.632399175837595 0.170004048952424 0.002121230196473 -0.984827569592275 -0.034767540797359
1782875986.405957 26.972389520668820 -2.885100235150011 4.628498277422334 0.171125248901783 0.010300431179160 -0.984468457346813 -0.037840544326132
1782875986.505749 26.922356173347207 -2.883381124041500 4.629480722359866 0.172991937547419 0.013947830576665 -0.984134311350788 -0.036863325783109
1782875986.606004 26.878144702090712 -2.875657541185670 4.623071747933868 0.173215139136432 0.015166478683579 -0.983917153476047 -0.040908783821631
1782875986.705593 26.825595939411272 -2.874210847878818 4.605589792952228 0.180054994214925 0.004877330608247 -0.982861305054195 -0.039243671228000
1782875986.805645 26.779237492901693 -2.871743940312092 4.601216440760998 0.172233494933104 0.013294698874065 -0.984277306517055 -0.036838269237201
1782875986.905659 26.737586594007514 -2.869035491999432 4.595510639771004 0.173589638561754 0.009806185467937 -0.984253662148972 -0.031862276390605
1782875987.005603 26.697130993239295 -2.869221471045446 4.585502777705837 0.177402794957411 0.012522291531881 -0.983563338263666 -0.031218587085384
1782875987.106021 26.649625873378458 -2.870023881794236 4.578624661679675 0.167735345233627 0.011801846231112 -0.985298829299477 -0.030195817025855
1782875987.205758 26.600959630388108 -2.865858596701397 4.573488963694003 0.174866743420942 0.025505558090575 -0.983891914131405 -0.026977580665562
1782875987.305762 26.553293220560242 -2.857831789881322 4.567128914140263 0.180727775074416 0.018355637161743 -0.982993640805340 -0.026908066396266
1782875987.405760 26.494875560878093 -2.851541792946396 4.551851276767772 0.192002176122214 0.015069652763320 -0.980947626546336 -0.025491643786213
1782875987.506135 26.436961785267510 -2.857543431653854 4.545316145486513 0.176395092433979 0.015888341759125 -0.983969783374751 -0.020875760266008
1782875987.606087 26.388325746517275 -2.863336551660697 4.539855876122490 0.178036155149897 0.003816049409864 -0.983878294564367 -0.016494444863066
1782875987.706021 26.338869445812318 -2.867083464197734 4.530179598355725 0.180429231045615 0.016028629730555 -0.983349847680658 -0.014541412570941
1782875987.805771 26.289820544199344 -2.862922874798254 4.526924845797607 0.168400764480427 0.021071453188908 -0.985388677948497 -0.014364183015816
1782875987.905641 26.240582573260340 -2.855701362681478 4.522264023197815 0.178114360555498 0.026667447779724 -0.983552777609352 -0.013713331091819
1782875988.005786 26.195101882678514 -2.850663027910510 4.511477700569439 0.185647197647893 0.022875231560288 -0.982245938556599 -0.014309366704973
1782875988.106039 26.138323734175398 -2.848284239156222 4.490030529692682 0.193251251537620 0.020974921463203 -0.980863216164795 -0.011016243619996
1782875988.205682 26.093204839630332 -2.846263731518819 4.486723679331760 0.180389012810992 0.024118129978311 -0.983267895311959 -0.007897209133547
1782875988.305579 26.056780130936023 -2.851471882709509 4.481109590063176 0.179136580004054 0.014322777631526 -0.983715274793132 -0.003033460717631
1782875988.405688 26.008655775120118 -2.856890922116881 4.473261728823211 0.180783443668522 0.013966414432871 -0.983423096199175 -0.001140011031162
1782875988.505566 25.949708282389320 -2.867695664851942 4.467222847173056 0.174254410822248 0.015235753046457 -0.984582026150316 0.001227159208086
1782875988.605781 25.887024400110139 -2.874537073369333 4.461395063235679 0.177629683047773 0.024632569242506 -0.983788080306889 0.001394732530615
1782875988.705671 25.827344632024147 -2.879329222132920 4.449251792124127 0.178910673224496 0.024850474987047 -0.983551235547195 0.000626061294578
1782875988.805682 25.771872337686172 -2.881632993581271 4.430893393370825 0.184704455714152 0.017367533082890 -0.982631507171610 0.004237209870402
1782875988.905687 25.719340743447070 -2.885172247556163 4.422619085348149 0.176674903326930 0.017202787768144 -0.984094288980975 0.006962256985788
1782875989.005720 25.675812901264568 -2.885038848918046 4.415794434853495 0.175995690937508 0.011723465552631 -0.984247514046321 0.012037783034418
1782875989.105648 25.631152787863151 -2.888132245508610 4.408316267874192 0.177615049086733 0.011142338048878 -0.983944200751045 0.013511197170894
1782875989.205750 25.578425396961190 -2.885354217596123 4.403812964307663 0.168412336760370 0.018484330705600 -0.985422844628223 0.015408816631469
1782875989.306042 25.526860424371929 -2.883308297574936 4.399914771724257 0.175270138225408 0.019541298067944 -0.984199297992078 0.015819549552686
1782875989.405632 25.474088178950055 -2.884799389880830 4.390215128041103 0.178016671168365 0.018379057138959 -0.983746464857277 0.014668603393352
1782875989.506043 25.415016190804263 -2.882848456725500 4.371676594848662 0.187288168127252 0.010666864382641 -0.982089801319924 0.017577890290262
1782875989.605771 25.354182933861793 -2.889225045420719 4.365442782953782 0.176472382439157 0.012041807136668 -0.983998774201943 0.021422079406293
1782875989.705643 25.300661620341074 -2.890230735361016 4.358259743911968 0.177235830774319 0.007170533997042 -0.983744227668290 0.027988180740092
1782875989.805780 25.247456113698895 -2.892724598757706 4.344697235931009 0.176385472209847 0.017993720766686 -0.983713642454631 0.029527290001068
1782875989.905759 25.187552075637612 -2.898116618889334 4.340602086153474 0.170162773287299 0.026372702643271 -0.984695417632897 0.026908096088809
1782875990.005670 25.133363895577858 -2.900155275984315 4.338317616053018 0.175344813429511 0.022046575818435 -0.983842245362370 0.028680675345403
1782875990.105753 25.081143613215549 -2.906219705150404 4.327039569919632 0.178090957816153 0.027640054945457 -0.983245148118497 0.027360862706772
1782875990.205579 25.023341409698094 -2.911258544486195 4.309571615013954 0.186710057150652 0.020027289701481 -0.981762625638364 0.029671688957077
1782875990.305784 24.973663330415629 -2.913774524591174 4.308549682274554 0.176596533426153 0.019313533218694 -0.983459766173756 0.035320534166719
1782875990.405767 24.924159841714424 -2.914896061344313 4.302366382358482 0.175571748372335 0.009629783515746 -0.983811270696353 0.034600752790006
1782875990.505546 24.867639122847663 -2.922297962080756 4.287893535787696 0.173925953392960 0.012533996355654 -0.984115749581972 0.033299445885878
1782875990.605758 24.805370379690981 -2.931760147750583 4.281264818589527 0.172686382710495 0.019146789286256 -0.984407737006037 0.027463084475966
1782875990.705710 24.744258889130496 -2.934083232524012 4.273748637158558 0.175422125842757 0.013245790020216 -0.984064770496118 0.025848680427776
1782875990.805799 24.689265186522931 -2.933567026382182 4.260897888579282 0.174952629471323 0.016309580347387 -0.984285162932618 0.017558276127195
1782875990.905745 24.628026623996735 -2.936356042216632 4.241981592842825 0.181031947001637 0.017078353225627 -0.983227113829477 0.014149439789026
1782875991.005747 24.575762047031361 -2.937216660051460 4.240288988412960 0.172578074558786 0.014134427734727 -0.984798972690397 0.013711656428854
1782875991.105679 24.529626538440461 -2.937532922982168 4.233036288677313 0.174262267320542 0.008304266388378 -0.984574959476811 0.013260864194437
1782875991.205661 24.472572979104328 -2.941889736318337 4.219613441957958 0.176773104562020 0.015085574567092 -0.984060006746347 0.012231028810231
1782875991.305717 24.412232438791005 -2.948060017969080 4.219893964467483 0.170983727659346 0.020856882133130 -0.985009556135387 0.009259031550858
1782875991.405801 24.352907063071108 -2.945558702261708 4.212976098067954 0.176577573370435 0.017598391159267 -0.984093388126927 0.008417877165398
1782875991.505663 24.291976520390293 -2.941783656696448 4.196420236616891 0.182379956021239 0.014488931408313 -0.983078907866855 0.009136925934863
1782875991.605604 24.229976171135743 -2.941120828039235 4.179941383044762 0.176018344662220 0.024923054730990 -0.983999264230629 0.011909310589590
1782875991.705589 24.174439216496779 -2.941357352332199 4.170218421682618 0.176282342426376 0.005917941142775 -0.984132881267042 0.019286931591715
1782875991.805827 24.124332515044305 -2.943883154351413 4.158030570922511 0.177323686419570 0.016424053402155 -0.983804572705753 0.020374577972568
1782875991.905764 24.070809797968312 -2.952754663633513 4.147908968017931 0.170961518339142 0.010988872014290 -0.984995427254597 0.020866533647331
1782875992.005586 24.017148926128812 -2.958643075421800 4.143753423701009 0.176878254180357 0.022500600345892 -0.983737837605114 0.021625749607591
1782875992.105611 23.972389019265822 -2.959082274421885 4.136605230801770 0.180229037800739 0.022557572061794 -0.983161323905981 0.020061431938611
1782875992.205695 23.914593230782764 -2.958547997309267 4.117022678014856 0.188932554769955 0.015055275688152 -0.981606184979956 0.022959225401580
1782875992.305691 23.856029218628883 -2.964047721606029 4.111941118789217 0.178572578428364 0.020452945348729 -0.983321911086426 0.027776436726820
1782875992.405653 23.799580486047216 -2.968332181283611 4.107697556827560 0.178698525914702 0.012673784710295 -0.983265703918391 0.033087271189922
1782875992.505597 23.738845208749193 -2.974123130717980 4.095542643790945 0.179219811320482 0.019146296214430 -0.982956842022048 0.036187363726265
1782875992.605627 23.678595169088183 -2.982006504277212 4.092038391016699 0.172971933548635 0.026699314874494 -0.983933444448350 0.035253846394104
1782875992.705677 23.625802242697688 -2.989510275170581 4.089443259282073 0.178597100718826 0.024112393577531 -0.982950456206323 0.036470107409568
1782875992.805535 23.576647048038353 -2.997592522429722 4.080566594429516 0.181440860735330 0.025267815379868 -0.982448970706441 0.035139315862693
1782875992.905753 23.522703425378072 -3.002283873647924 4.063756402312950 0.181477362512226 0.027885805506212 -0.982557909852829 0.029466973587521
1782875993.005625 23.477023198827631 -3.009263919923450 4.063259965504007 0.174153320065582 0.016712193880348 -0.984209983300115 0.026870661661373
1782875993.105639 23.425867835975232 -3.009866108112019 4.060162019123602 0.174790971471834 0.007662660919768 -0.984294235520393 0.023542681257199
1782875993.205643 23.368484414901886 -3.017291387583617 4.047096510943973 0.176485316747351 0.015277921043252 -0.983976023549741 0.020265813092857
1782875993.305720 23.305618846280645 -3.023072675974558 4.040909960311057 0.172216621180736 0.019893252146631 -0.984755450733216 0.014226600410224
1782875993.405560 23.244952804483042 -3.020293146242002 4.031875835783069 0.175035023022862 0.020915439100793 -0.984256571468456 0.012817435143524
1782875993.505613 23.186796761611426 -3.017564805589456 4.018527506243897 0.177659643672556 0.018267845780396 -0.983894637433674 0.007394541894786
1782875993.605608 23.132928156693190 -3.020611166758938 3.997040250236933 0.179749059275762 0.024107505244539 -0.983403031870775 0.005251741389435
1782875993.705554 23.083198514412839 -3.019448768910845 3.992816868620586 0.176494435505274 0.012653993371679 -0.984191105391918 0.007580155324817
1782875993.806325 23.029309703016285 -3.021371377777301 3.978668588119823 0.180132394559952 0.012707516032724 -0.983537167416114 0.006743869612591
1782875993.906224 22.969553183293748 -3.026221982384328 3.969134212076797 0.173446154781465 0.009184692169969 -0.984775031515775 0.007085910263425
1782875994.005198 22.907450833643022 -3.027581879507083 3.966960881330832 0.176709132828700 0.022208492543963 -0.983992320075757 0.006307080598245
1782875994.106367 22.847780318539520 -3.024451964793876 3.955684390444052 0.180878166697254 0.020394169819271 -0.983285416520707 0.004117803687836
1782875994.205642 22.794370465351136 -3.021610665514616 3.937938331033213 0.187303621729902 0.014758756147607 -0.982169437693082 0.006536670817911
1782875994.305677 22.741370261841841 -3.023907252545615 3.932168764377718 0.179301925231879 0.017301859964609 -0.983582672060374 0.010797799422606
1782875994.405432 22.690196002551506 -3.023783353318540 3.924824296322457 0.179305920070352 0.008993292525010 -0.983622110434438 0.016001611846142
1782875994.505280 22.638528028562558 -3.026589434429373 3.913008785467125 0.180906450606633 0.016477100748699 -0.983203191014587 0.017687466139847
1782875994.605582 22.586430879730788 -3.037400335443000 3.907564229787587 0.174495394895942 0.020303885181716 -0.984303474321880 0.016905024235470
1782875994.705765 22.545070778544037 -3.046233345180474 3.898319544633500 0.178368857876532 0.024692264156017 -0.983487076054883 0.018111153016201
1782875994.805632 22.495602808707670 -3.054516466806739 3.886602861412883 0.180310353553264 0.031769391656679 -0.982962236508246 0.016251884624757
1782875994.905627 22.434006451649044 -3.059656007072385 3.873488532604595 0.183283496052411 0.022755317058628 -0.982629764489641 0.018113573896077
1782875995.005814 22.374805199260603 -3.062758880593233 3.865754460310679 0.176393028144992 0.020812769079141 -0.983825146176335 0.023246720545070
1782875995.105704 22.317276659309734 -3.061705911249274 3.858907854800856 0.174449995680221 0.008993468102518 -0.984227784993106 0.027963973003016
1782875995.205673 22.255194952913904 -3.062357225799757 3.845568872076118 0.173939609679969 0.010958958965884 -0.984330780054659 0.026792327999603
1782875995.305594 22.196745032743692 -3.063645310257400 3.838715754357809 0.169786249142650 0.019835264445962 -0.984966158425436 0.024917035195927
1782875995.405747 22.143233537996000 -3.067393335887309 3.833640390610626 0.174589115297515 0.020186520866032 -0.984040810464946 0.027835742029579
1782875995.505613 22.092837157899808 -3.070186614039921 3.822017485215549 0.177802577704670 0.017181395385023 -0.983590933040602 0.025296629309187
1782875995.605669 22.037970894368094 -3.074931177246551 3.804898419311391 0.184722349969414 0.019245781714906 -0.982248477955503 0.026366282672132
1782875995.705727 21.984320939942528 -3.077213934641964 3.797908871172859 0.175429178005411 0.012994557444663 -0.983921915147445 0.030877335921948
1782875995.805614 21.935174918311070 -3.081332188269585 3.792678785475629 0.175321649109342 0.007638264040209 -0.983921552989089 0.033201714405452
1782875995.905619 21.875113299212732 -3.087594320296568 3.780023298714907 0.178342500309515 0.017044056341793 -0.983153454336520 0.036231725777637
1782875996.005756 21.811390156514307 -3.092128830236534 3.777603442965055 0.171486399519190 0.023338092889669 -0.984377634283235 0.032379334814824
1782875996.105649 21.750478212166737 -3.097033681691699 3.767043163562600 0.178648994585429 0.020807860593344 -0.983135359234531 0.033112461307240
1782875996.205611 21.694052644383301 -3.101801312069139 3.752836884042301 0.181993364614379 0.018409819178407 -0.982575891902359 0.032925832507761
1782875996.305650 21.638025966019779 -3.106227322343476 3.740657625016624 0.179177257835595 0.026566047519048 -0.982859928729980 0.034294546075445
1782875996.405796 21.593833733845639 -3.114677830689017 3.744873094792568 0.175425261489992 0.007965732806066 -0.983638079194777 0.040232497933024
1782875996.505717 21.547792650625365 -3.118538039039038 3.739505518620905 0.179192810845403 0.010147765240091 -0.983118109423776 0.035577272588939
1782875996.605700 21.491523587882845 -3.116999764172630 3.731226824893576 0.172162166713913 0.004398571674336 -0.984918618955604 0.016617910641035
1782875996.705434 21.430925134255652 -3.114647768974863 3.720308020704211 0.180010730849617 0.015010015966298 -0.983549559962639 -0.001048473589300
1782875996.805574 21.376110705357505 -3.105700970461256 3.705874841446972 0.189983575951544 0.010404805538803 -0.981595369341249 -0.016386328999274
1782875996.905683 21.320705723380364 -3.100776762812981 3.691307836892970 0.191179735620309 0.015243013728916 -0.981164847443027 -0.023097648421451
1782875997.005729 21.270722929593788 -3.098331406087741 3.685720307466022 0.181871747841229 0.011808118100410 -0.982897507110087 -0.026376622239615
1782875997.105633 21.227108890392195 -3.095557622572711 3.680629385254608 0.184249930578908 0.007727889726595 -0.982490083151892 -0.026560860492858
1782875997.205565 21.176784068334001 -3.091618554574035 3.665265690788519 0.187215315831331 0.009649048524714 -0.981885638222750 -0.027530253041640
1782875997.305768 21.122945806939779 -3.088961805000576 3.660769953806351 0.177372942184861 0.018240086936684 -0.983508950079972 -0.030270178752541
1782875997.405741 21.071886294738832 -3.086901217711401 3.652315617777473 0.181403146223139 0.017102676464177 -0.982778702273414 -0.030763929459405
1782875997.505667 21.013356104287933 -3.082334211969537 3.641182152003251 0.183819500120157 0.019173097657476 -0.982245940495221 -0.032182232401462
1782875997.605788 20.950763222654295 -3.079590692671985 3.623950587873446 0.186279060563234 0.023618975897514 -0.981777900861559 -0.029230274596595
1782875997.705762 20.899422318496018 -3.077512122074494 3.619995315374160 0.179929109798039 0.016747688705142 -0.983257110143453 -0.023462432153488
1782875997.805677 20.848979071373392 -3.075637013844216 3.612500079058652 0.182004440539200 0.009458251233597 -0.983021313466702 -0.021307800865047
1782875997.905634 20.790458944768012 -3.079181680890482 3.598524631037271 0.181258364051485 0.010874648843374 -0.983204333403290 -0.018340835607864
1782875998.005671 20.733583503965182 -3.079605257669245 3.600063028715551 0.176918480998452 0.021335502610773 -0.983787364210841 -0.020175961650460
1782875998.105762 20.678211749153334 -3.079139407597627 3.590324463739680 0.182685567672364 0.018122037445602 -0.982780313750207 -0.020986424849850
1782875998.205643 20.619905920642289 -3.071222842792396 3.571637229114923 0.189352571786370 0.014763302960005 -0.981610404455124 -0.019200580953031
1782875998.305678 20.557938916074722 -3.069647511381835 3.563452357362471 0.177388536060070 0.024359858480742 -0.983682390701908 -0.017574378854749
1782875998.405717 20.511849622650026 -3.069609825779337 3.556536193360440 0.178781885287357 0.007154318201914 -0.983800328849728 -0.011079990036885
1782875998.505690 20.456710938539420 -3.070213805957966 3.542972220336916 0.180911131937106 0.010885819324157 -0.983393611697348 -0.009469200156770
1782875998.605711 20.393927291778141 -3.076230445651116 3.536014609749784 0.174937889932635 0.012143643285216 -0.984465520485466 -0.008769582022278
1782875998.705744 20.329519743953313 -3.082349718428352 3.533820476793171 0.178398989204438 0.017305734180046 -0.983781647774553 -0.006926883656940
1782875998.805734 20.273664034217141 -3.083470041501668 3.522035640450891 0.180968475316682 0.016307005476336 -0.983316733150682 -0.008526125714996
1782875998.905582 20.212097981640820 -3.077611412363903 3.499044449678610 0.190075379401065 0.012182091180175 -0.981673999673570 -0.006253412252550
1782875999.005613 20.157677554808924 -3.081691828431719 3.494526474354695 0.180219379456682 0.012784259427914 -0.983542783731150 -0.001063272963614
1782875999.105758 20.109963690181008 -3.081875719730177 3.487013243459519 0.180068635422958 0.005823124781753 -0.983629739704592 0.003730003116996
1782875999.205755 20.053913595792430 -3.084295352813626 3.473647653171991 0.180523220518686 0.017259618501325 -0.983400945814650 0.006004347881995
1782875999.305774 19.997236813300940 -3.086590598138371 3.468528312263641 0.174476979528967 0.021454238038085 -0.984417699356861 0.004392320284900
1782875999.405635 19.945039148959367 -3.084606037991866 3.463436471012697 0.181977264030017 0.015706938022809 -0.983159495750202 0.005913830416328
1782875999.505915 19.877198767448313 -3.084242961528107 3.450467645012719 0.190494306152984 0.011341831032832 -0.981604980171467 0.005911437606685
1782875999.605747 19.816837036376665 -3.089591631065335 3.442769812141625 0.181168516904054 0.019289428636867 -0.983218955153163 0.009293688883221
1782875999.705604 19.764827663387621 -3.096267325624308 3.438495485274797 0.178360888136332 0.004788383844799 -0.983826920703675 0.015781478447424
1782875999.805690 19.711262405413134 -3.099290546236735 3.424316839580646 0.177700789566969 0.008162144972764 -0.983911744620555 0.016537459730619
1782875999.905624 19.654104037616218 -3.106838264455885 3.409800442742430 0.174176028543054 0.007936882364218 -0.984531740334885 0.017232795836842
1782876000.005702 19.600295474515324 -3.105886178630231 3.407436308361286 0.177038604438852 0.019870846126350 -0.983851840711040 0.017263763840819
1782876000.105643 19.546958780251490 -3.105329317672921 3.395938264965856 0.179187768443785 0.017523339505094 -0.983519716833181 0.016542152610598
1782876000.205597 19.488053204522942 -3.104460196992641 3.376523950676719 0.186079783243887 0.015442395193097 -0.982234634833224 0.018734162178732
1782876000.305652 19.437106290694810 -3.109015599726653 3.369546836027943 0.176425853780061 0.015613642291775 -0.983972007247177 0.020717655422599
1782876000.405600 19.382236904493297 -3.108050757833253 3.362897598703884 0.178977460460260 0.010427243641525 -0.983488673697029 0.024665156532704
1782876000.505632 19.321477568447413 -3.111570886261662 3.348029416237577 0.181977255088103 0.017015268788568 -0.982774390637206 0.027372547674769
1782876000.605751 19.262255038698761 -3.108563290435418 3.341985297972403 0.173310571807099 0.025639908400886 -0.984203170124529 0.025498249230167
1782876000.705718 19.205127723052541 -3.110378948777697 3.336989011262748 0.179233542392524 0.021085981009136 -0.983184717496976 0.027902149856003
1782876000.805798 19.151637896449966 -3.113045501487396 3.325656989676072 0.182886855790403 0.023398790981402 -0.982495289735257 0.026606394111719
1782876000.905641 19.097518999730834 -3.115901939822209 3.311017481589457 0.186580124410499 0.026964899467330 -0.981656020151799 0.028499288961248
1782876001.005771 19.049815500767011 -3.127221948075565 3.312081511576243 0.178102248305900 0.019995325147594 -0.983223885194265 0.033920019221793
1782876001.105593 19.002873881108492 -3.133713460694455 3.304604681542100 0.180947285544668 0.015542319053886 -0.982707802300344 0.036081733195032
1782876001.205709 18.943004482638166 -3.148444774582116 3.288246887107377 0.184164829787374 0.022318779969223 -0.981845410710245 0.039557262256008
1782876001.305690 18.882252713966913 -3.155221587114345 3.288746023970488 0.176146451084448 0.025970873868456 -0.983404391825817 0.034838823436586
1782876001.405621 18.820078714857132 -3.161019055106413 3.275492098872608 0.182803109646050 0.022574013935092 -0.982180927821473 0.037337139984620
1782876001.505592 18.762435043223601 -3.163915103892297 3.259363187263905 0.187878519776412 0.020202853960695 -0.981269906652998 0.037454996937278
1782876001.605605 18.709412473890811 -3.165620650610379 3.246676711055535 0.179634567244939 0.028966218014585 -0.982531852268367 0.039032547221949
1782876001.705625 18.661988069638234 -3.161367489875458 3.239889606987842 0.178846739662390 0.012599694379259 -0.982747706806813 0.045409648528911
1782876001.805572 18.612212681058779 -3.166007973543471 3.230792135730737 0.179687616673715 0.012483296812075 -0.982528181058025 0.046849772054053
1782876001.905837 18.559617556098985 -3.174879120359559 3.218890547008412 0.177466847907150 0.009507625965438 -0.982799436295400 0.050203495493164
1782876002.005679 18.499704714201574 -3.183470813249478 3.218452050278623 0.176003963793973 0.022264535059170 -0.982943869166250 0.048458696595930
1782876002.105648 18.442205816984430 -3.192246381109495 3.205136126497862 0.179735818931379 0.021716092817105 -0.982279527767586 0.048480676917700
1782876002.205608 18.383724202466404 -3.199128695459925 3.183781349410226 0.186686111757009 0.015372339592034 -0.980953639632238 0.051399841873950
1782876002.305757 18.326582559141553 -3.208631716360248 3.174118693123954 0.177861051245448 0.013003558834333 -0.982395865450825 0.055630184724785
1782876002.405729 18.279772717002874 -3.214430461397745 3.168829421335595 0.179708163668295 0.004904430482359 -0.981797050336605 0.061281925743548
1782876002.505624 18.221378266620729 -3.220634561843081 3.159904062338674 0.180120017056472 0.017101901712247 -0.981435907908570 0.063622818869996
1782876002.605726 18.163618571671101 -3.227051385780879 3.158926316495115 0.173148472005661 0.024802537517893 -0.982754236838854 0.059987921700483
1782876002.705628 18.108096213132171 -3.225995912504056 3.154506378174269 0.180360963917919 0.019112281378209 -0.981406486432710 0.062816811307218
1782876002.805692 18.049926782607624 -3.226040600730568 3.141530730124850 0.184427833482882 0.018536051964636 -0.980678864475429 0.062544014785127
1782876002.905782 17.991262034906306 -3.233412173968579 3.123267499373407 0.184409306369825 0.021067792126058 -0.980464492258994 0.065105570255780
1782876003.005605 17.941815628683816 -3.239752522860943 3.120002887463753 0.178542076361078 0.015922406976689 -0.981369449070994 0.069160742872830
1782876003.105668 17.894136022101449 -3.241438580851330 3.111745215016201 0.181451796652148 0.016933939492795 -0.980712572015041 0.070649403935849
1782876003.205741 17.835533550011363 -3.247567591274345 3.100988778329969 0.178358818438478 0.014057302076312 -0.981617737878950 0.066461574047422
1782876003.305695 17.776881208579354 -3.250223396985290 3.100539588411402 0.175104805502155 0.031788220172082 -0.983091259375992 0.043120666585217
1782876003.405579 17.720072986163427 -3.245688585113638 3.087139450060076 0.188460769871437 0.027211990997356 -0.981375251023370 0.025390203703892
1782876003.505625 17.658015673440730 -3.245464288562583 3.067023719808682 0.198709173468056 0.017574102511897 -0.979814307799313 0.013028335740903
1782876003.605740 17.603277971180457 -3.240974942823547 3.057962678116027 0.182755203465442 0.020858796895791 -0.982906623888814 0.007746929310364
1782876003.705725 17.556071953672106 -3.243279941216917 3.053238295584676 0.183538401293045 0.012747402085229 -0.982929758437437 0.000498967809229
1782876003.805602 17.503152552199687 -3.251096262676923 3.039351948801368 0.185343944408340 0.016009975847373 -0.982515851613261 -0.007341952946837
1782876003.905757 17.443639920236066 -3.258029753163932 3.033221129572927 0.178517316896374 0.018543894865658 -0.983664341851491 -0.013861965989161
1782876004.005817 17.394248601685774 -3.253882511716048 3.026315038175109 0.181000365038105 0.015265297699495 -0.983205393246412 -0.017691614772755
1782876004.105749 17.339436379340842 -3.249380706854804 3.013555496997301 0.186393551829208 0.011629620661276 -0.982155549244590 -0.022196234989449
1782876004.205717 17.283934668784731 -3.251020055362480 2.993333205356689 0.185310294944021 0.017186798553670 -0.982275770743890 -0.022338727640945
1782876004.305809 17.228954193142240 -3.248668211616681 2.986875528823884 0.177495143478526 0.013844822743061 -0.983834330233341 -0.019334052315754
1782876004.405754 17.181292147349389 -3.247645065966134 2.982045196828924 0.178726419207338 0.006017588169877 -0.983709339631038 -0.018346411978657
1782876004.505652 17.126031015561072 -3.253333301571879 2.972745211901541 0.180388619313174 0.013453457375821 -0.983374539184149 -0.015920621569852
1782876004.605691 17.066871604936356 -3.251646003260434 2.976506091317976 0.174229445882754 0.019984061586125 -0.984341186973011 -0.017809129635071
1782876004.705737 17.017398820886267 -3.246976063945744 2.973542897201894 0.180118175592426 0.017533461236541 -0.983334259666904 -0.017428549094769
1782876004.805699 16.959389510317258 -3.246191349231779 2.956654628987995 0.184462757264965 0.013410190475671 -0.982612433595411 -0.016323704150742
1782876004.905758 16.903575331613677 -3.244943404025853 2.943637524070331 0.178959330325764 0.021318077016342 -0.983517479806610 -0.014576165353658
1782876005.005937 16.854650112037575 -3.238003936808379 2.941823000079952 0.177507208220898 0.002905112306547 -0.984075607990573 -0.008828879316059
1782876005.105782 16.803911986462783 -3.231528617252861 2.928459285177081 0.177160942342811 0.000505757826865 -0.984161459037096 -0.006321966710365
1782876005.205665 16.739324755408425 -3.234246370680760 2.912036431597205 0.176445401440854 0.006062207558911 -0.984283614547700 -0.004004507796005
1782876005.305676 16.679053480376094 -3.230593897560464 2.911478095749100 0.178396260354291 0.017401678042788 -0.983798477754278 -0.003537097842834
1782876005.405834 16.624184556707945 -3.218320771749431 2.904344887549390 0.177870024253392 0.022257942856252 -0.983798122923528 -0.002844606112245
1782876005.505744 16.564500256145116 -3.212418969889184 2.889806130907715 0.181786989181833 0.015984462565419 -0.983207715114203 -0.000759249953794
1782876005.605705 16.501904768616953 -3.217219883904602 2.888654742367180 0.177173029971117 0.017214560390712 -0.984021746620998 0.003818185204215
1782876005.705738 16.446810845895026 -3.224931860756460 2.881690115055237 0.178375773329078 0.009300568178460 -0.983893825653414 0.006965828147890
1782876005.805797 16.386511112430998 -3.234389425076790 2.861387326644673 0.184344470351496 0.023786742990535 -0.982521594586091 0.010130314931942
1782876005.905802 16.316656426564133 -3.242002861092917 2.857883731969989 0.174215753710986 0.032184363476604 -0.984145855797373 0.008364952077668
1782876006.005766 16.252465477825488 -3.245871274960714 2.844574229085073 0.182149004534694 0.026841483015101 -0.982849857010717 0.010365013770828
1782876006.105754 16.184447655275978 -3.253839318157980 2.828170153748558 0.187059087910631 0.021851282645413 -0.982072405341231 0.008075255040464
1782876006.205814 16.118262029468973 -3.249402895816415 2.815252398000234 0.182441102575338 0.028759279629505 -0.982775851647504 -0.006306611189383
1782876006.305787 16.054401657050835 -3.239232799089345 2.810818838388141 0.177597112823232 0.010786578832242 -0.983765014305906 -0.023437403045807
1782876006.405785 15.992924518680395 -3.221029126579041 2.800450854962706 0.179558624777184 0.012161558146094 -0.982895593975707 -0.039077463001214
1782876006.505773 15.930096171948247 -3.207242514825153 2.783160610532233 0.173129689326600 0.010694156636019 -0.983716070731658 -0.047057814140378
1782876006.605686 15.879200456055825 -3.198460345869503 2.781682212354447 0.177413656130905 0.019408165310209 -0.982186309778838 -0.058802811331345
1782876006.705900 15.828508738384873 -3.192672720601834 2.772727151462436 0.177817775750068 0.020917703015391 -0.981492117349534 -0.067944918194605
1782876006.805735 15.777116110460417 -3.182928029516135 2.755495205239598 0.182987973721011 0.013034964256815 -0.980556422725201 -0.069674909634268
1782876006.905846 15.719376931451766 -3.180591089869865 2.748178950618884 0.178928339851602 0.015604124917936 -0.981325701014042 -0.068855130619885
1782876007.005712 15.673705537569660 -3.178180155207464 2.737288296871159 0.178723990920903 0.006236402761869 -0.981550697838285 -0.067654045872814
1782876007.105682 15.616853794652702 -3.176045966857003 2.721666649198101 0.180518100697524 0.014446811616614 -0.981233361259624 -0.066223830346045
1782876007.205913 15.558927209160526 -3.178442539086358 2.715692841146618 0.175055826342691 0.020005770557135 -0.982111464882991 -0.066425125917574
1782876007.305736 15.504523674822355 -3.169487647161635 2.708573025289166 0.180593616747808 0.013369609076178 -0.981586631532501 -0.060785556998860
1782876007.405859 15.443259992229439 -3.156532239349158 2.697070467583188 0.184956978424068 0.012165484963787 -0.981030844740194 -0.056757367592794
1782876007.505859 15.384618180280551 -3.149119540021293 2.684167247484023 0.182601758117792 0.020105927258158 -0.981648995071366 -0.051162487201529
1782876007.605850 15.328385370748071 -3.149355920132664 2.683721978029600 0.179020721755969 0.007039725739187 -0.982972085446144 -0.040839964214417
1782876007.705880 15.272420704117796 -3.142520954706775 2.673964574158521 0.180718140795181 0.010328978277454 -0.982817099014399 -0.036122232490324
1782876007.805886 15.214190686420114 -3.138817071951771 2.661329511061887 0.178277130548139 0.006211138195851 -0.983379314245620 -0.033820272020433
1782876007.905766 15.156204015831177 -3.135681870641267 2.660097336240609 0.179114977997977 0.017573610386145 -0.983123022751401 -0.032834661728361
1782876008.005792 15.097881520641034 -3.131098001885016 2.649530790282929 0.182998953398540 0.014717170822690 -0.982450056800335 -0.032964736172456
1782876008.105880 15.033822395968894 -3.128588608050502 2.627690423492976 0.189900390424185 0.009304087446828 -0.981295090420269 -0.030186440507054
1782876008.205886 14.975235164375016 -3.124821355739984 2.619664730699656 0.180353093103747 0.014856656790723 -0.983154945964195 -0.025659185157388
1782876008.305844 14.926201652589491 -3.123327582814495 2.613624599226067 0.181328502971705 0.011239773768349 -0.983116273880241 -0.021818192578480
1782876008.405947 14.867905824405945 -3.123501260923554 2.598943380996845 0.185239345118845 0.018207484126533 -0.982335594096402 -0.019278306794862
1782876008.505934 14.812296621805105 -3.119900251353166 2.593215462094941 0.177576712016687 0.026618816562149 -0.983527090677352 -0.020794515089377
1782876008.605850 14.763207045659898 -3.117938983301620 2.591933081333314 0.183305135917310 0.021663666138073 -0.982601778160019 -0.020582960730866
1782876008.705858 14.708406699415647 -3.117059254152136 2.575229048332702 0.186724193571565 0.021709926979502 -0.981970915141548 -0.019896643474439
1782876008.805914 14.650430465604940 -3.115919120185443 2.558190863760076 0.186144713113041 0.026744322830688 -0.982015476121884 -0.016747884445080
1782876008.905784 14.603709330251654 -3.113774987416943 2.558201998200718 0.178601839709600 0.009558616266610 -0.983821921647436 -0.010219696338199
1782876009.005771 14.555387807099564 -3.113319168405082 2.549690258345611 0.179467299773758 0.005232718069064 -0.983722795102252 -0.007319109892939
1782876009.105878 14.495671121023502 -3.119059913581594 2.531299032901039 0.180158424647621 0.010621075199395 -0.983565800022281 -0.005334024419984
1782876009.205904 14.436041773067792 -3.124607123565894 2.528295544145877 0.177720427536126 0.017918883834742 -0.983894913417273 -0.006720311748324
1782876009.305842 14.373968534762717 -3.126482599224986 2.516581980837917 0.179458034341703 0.014760743114504 -0.983642581109097 -0.004920061161993
1782876009.405914 14.309337659536741 -3.126320957792661 2.497844269728337 0.181571707574710 0.011858727784577 -0.983301799582632 -0.002942196658764
1782876009.505880 14.245762043584675 -3.128002441936279 2.484159955513191 0.175324225015494 0.017408628024331 -0.984356805368372 -0.000188461895631
1782876009.606013 14.192692970253100 -3.119996272234900 2.479825484732325 0.177754522325636 0.006720413335648 -0.984031134633644 0.006394678169631
1782876009.705858 14.136732504300989 -3.115973355826996 2.469729810799166 0.178617705495135 0.012487174772911 -0.983802944469063 0.008458853570802
1782876009.805906 14.080007445405963 -3.118332865658300 2.463636765731434 0.173894664341623 0.017881610656950 -0.984570422404104 0.007872549823056
1782876009.905795 14.023982798050074 -3.117707903372529 2.459802674691638 0.179644861672541 0.017969781740140 -0.983525028058988 0.009128515778474
1782876010.005764 13.964782099545385 -3.120543254284219 2.444908429194878 0.183842973705351 0.016822988481774 -0.982773059360586 0.008709872136516
1782876010.105886 13.902505275554397 -3.123723067794510 2.424257369344340 0.189467399123657 0.021756489457794 -0.981575409446182 0.011767557360595
1782876010.205812 13.844690924489605 -3.133562605529068 2.422168614606383 0.179760207170212 0.013239582367433 -0.983489312476708 0.016116873792215
1782876010.305846 13.786303281575847 -3.140116829475359 2.415064560980697 0.182321758189834 0.009749362438260 -0.983005755387771 0.019063349574959
1782876010.406013 13.720461688962951 -3.150088443279528 2.399233381513792 0.183833280193392 0.012984434017862 -0.982629475655209 0.021818412866783
1782876010.505957 13.663828185173456 -3.149125422905889 2.397622159504053 0.178702822237031 0.022313787148785 -0.983495926885159 0.017411433823353
1782876010.606006 13.611555154578772 -3.146811751476541 2.389364395414920 0.184515940950064 0.018973117574532 -0.982459852783706 0.019144869101637
1782876010.705895 13.552915202881479 -3.143810546449907 2.370392623439597 0.188919545424874 0.016697323789130 -0.981619095826368 0.021320305899472
1782876010.805986 13.495199032874526 -3.145664919671342 2.359138618948669 0.178783084931477 0.025347049274460 -0.983252936954830 0.024653551570659
1782876010.905928 13.445126213097661 -3.149523946350546 2.353612664183794 0.182089791745560 0.008855422037040 -0.982774507357065 0.030317601019289
1782876011.005978 13.397928019002107 -3.157750170278099 2.342335878439817 0.184206453848697 0.015526594717470 -0.982274078690821 0.031057069226660
1782876011.105855 13.338875962685130 -3.169101634680615 2.332670265815962 0.175398830615163 0.020764800202109 -0.983780331017003 0.031310279388062
1782876011.205902 13.276191581403099 -3.179968252044435 2.323698882606021 0.181038312954252 0.023412824695164 -0.982675504669239 0.032028446815445
1782876011.305954 13.226370365330459 -3.190785267480358 2.310252330950803 0.183973431410906 0.024000158321538 -0.982150886148712 0.030941974284424
1782876011.405989 13.166470862489744 -3.196940759980766 2.291647075192616 0.189084774134077 0.021414259562101 -0.981149749369017 0.033668189601884
1782876011.505949 13.110135509238273 -3.208909610285646 2.293322161088380 0.177934633181201 0.016217297076867 -0.983189110037167 0.037622327073109
1782876011.605980 13.062435581602601 -3.210551131390508 2.289166908793660 0.179880447953693 0.010351410952180 -0.982912146404594 0.037677382943523
1782876011.706006 13.002973146997022 -3.216150087932290 2.275302779632592 0.181249863295215 0.016197142134330 -0.982664062519058 0.035460962699371
1782876011.805957 12.943557468531697 -3.219140516079998 2.271317405665327 0.175756101449282 0.022032551896727 -0.983780569177993 0.028286943418676
1782876011.905990 12.878411485684058 -3.218773969985874 2.259185496427252 0.182390386582635 0.018061926092838 -0.982705137062871 0.026422098670910
1782876012.006075 12.811010627334145 -3.223261532988671 2.240001987850723 0.187525327296711 0.013188365219239 -0.981815590126264 0.026428500335794
1782876012.105956 12.745144215859334 -3.226851845477869 2.226932229640664 0.178341730565404 0.024639565405986 -0.983299856364503 0.026617877995188
1782876012.206008 12.691000262789588 -3.224993104587306 2.221865736633182 0.181139333216022 0.006915149326154 -0.982884565391829 0.032842865073654
1782876012.305914 12.642394724650977 -3.227203590678369 2.207265300941886 0.180116617009448 0.011681268178971 -0.983016851878879 0.033157520607248
1782876012.405982 12.582083346359115 -3.233190305733302 2.195429193087447 0.176514876525310 0.017593731996403 -0.983589178152866 0.032943703194110
1782876012.506115 12.523347836745389 -3.236266299052091 2.194266741648875 0.179269744236901 0.019820714995129 -0.983366329047233 0.021451362529402
1782876012.606010 12.467709537723968 -3.241302146997605 2.182732376603465 0.182987488431617 0.018603434089235 -0.982936602879308 0.002264075427521
1782876012.706016 12.406839985278038 -3.240136149726888 2.165830606056541 0.189331326036927 0.011769199333138 -0.981801311479577 -0.009017743898438
1782876012.806023 12.341013067714822 -3.236430225145051 2.163866777413316 0.179941563489182 0.013149267090326 -0.983474166487025 -0.015056372623816
1782876012.906078 12.282808076685145 -3.225526785472483 2.160596265896463 0.180350323500254 0.006717710193148 -0.983374545762845 -0.020078245160202
1782876013.006080 12.221498427760118 -3.218758175932166 2.147034891279804 0.178722936595381 0.009816165177211 -0.983575001754264 -0.023280265460622
1782876013.106057 12.159893910101054 -3.212666670060996 2.143945490274252 0.179522685216594 0.017122776224563 -0.983202162192339 -0.028141149357788
1782876013.205937 12.103470947307107 -3.207742986926467 2.137564190306475 0.179841900001239 0.014999760449611 -0.983163642704709 -0.028655712412845
1782876013.305910 12.048305939621285 -3.200709919650707 2.120027555587982 0.180603480138234 0.014925807483203 -0.982992248169145 -0.029763119328884
1782876013.406118 11.986948600205857 -3.198744741755316 2.100469887916452 0.180068618019944 0.023622733535910 -0.982952492090364 -0.028664569731705
1782876013.506006 11.924808668011432 -3.199909108847608 2.094952965287377 0.178115375092242 0.007116218895221 -0.983736736919976 -0.022052324555576
1782876013.605939 11.863562257474060 -3.201668773793405 2.080861383046680 0.181069422455405 0.012727923889871 -0.983151797691071 -0.021550102130049
1782876013.705956 11.795262783216669 -3.201496022935022 2.069347752906718 0.174335487260743 0.008773099112188 -0.984431935109341 -0.020589700101886
1782876013.806089 11.733794921191716 -3.196464520518306 2.067328884358459 0.181885685885387 0.017547729940036 -0.982926829580355 -0.021552775574051
1782876013.905518 11.676595676382126 -3.188559312135611 2.052776606486431 0.186701866466831 0.015310399314206 -0.982031313286876 -0.022858356340212
1782876014.005345 11.620535558882670 -3.187667201278509 2.032407384196750 0.191008990719883 0.020768753205651 -0.981140806548529 -0.021141004697924
1782876014.105857 11.568035469677369 -3.193044313241431 2.032041602509624 0.181672136900102 0.012639845367919 -0.983119159689241 -0.017668809666335
1782876014.205985 11.520485041256318 -3.194680777416488 2.022438890279579 0.180217684818046 0.004863401132922 -0.983512262219032 -0.014197305128967
1782876014.304978 11.467038130662537 -3.198716356455689 2.005721253390255 0.181316115239856 0.012894354270067 -0.983281180716039 -0.010785250661738
1782876014.404928 11.403815546569637 -3.198091029834395 2.003968772616215 0.178518147738239 0.018966062886546 -0.983667173751673 -0.013055675775925
1782876014.506027 11.342215600724950 -3.194089557204928 1.995008760005430 0.182482658487324 0.017341974390563 -0.982991788775591 -0.011246264947822
1782876014.605949 11.277088263669478 -3.185284565165201 1.976202838719047 0.185497199022310 0.013744264973630 -0.982500672224772 -0.009711509303933
1782876014.706184 11.217702198273651 -3.177886533735080 1.963910761136807 0.179197751142003 0.019636791406495 -0.983596719087190 -0.006329029127730
1782876014.806174 11.162713453363169 -3.173349352296223 1.962758858620978 0.179930253697650 0.009300703876083 -0.983635383614340 -0.000181144844058
1782876014.906145 11.107337119693446 -3.172042864912463 1.947915155586095 0.183085248714000 0.018977952023634 -0.982912526179618 0.001610875351918
1782876015.006046 11.043358976454563 -3.174678567686111 1.942784231132686 0.174278239167363 0.021215594907134 -0.984464605901311 0.002536456763358
1782876015.106092 10.984775541661296 -3.183054981207354 1.935849022069542 0.182776504600098 0.023531180884785 -0.982872193941335 0.001132814708157
1782876015.206028 10.921706158891121 -3.192994980298134 1.919787233373903 0.188193253461230 0.026393870950683 -0.981776387804802 0.001336890701557
1782876015.306045 10.861421633089218 -3.202029400817502 1.901837145398294 0.188076371712173 0.028911174428052 -0.981720128250696 0.004124582898897
1782876015.406013 10.808898033668671 -3.208000977955499 1.899403091026864 0.178465129904575 0.015927162048292 -0.983749262918530 0.011571975819095
1782876015.506136 10.754238004906165 -3.205458023498243 1.889714142455783 0.176188271090029 0.008236030462924 -0.984217038646182 0.014376431091827
1782876015.606157 10.697604975220271 -3.205024651303511 1.875443153174540 0.175978628334435 0.012433038428069 -0.984169264615469 0.016964684232347
1782876015.706179 10.633243946012936 -3.200118402667085 1.868489442224327 0.178718683295547 0.018043330909683 -0.983613110896406 0.015469923185421
1782876015.806082 10.577105107538372 -3.195568344131094 1.861730262398923 0.179729563142808 0.014294964356779 -0.983479468214015 0.016157776081221
1782876015.906192 10.513056396227475 -3.194119051632015 1.844947483545186 0.187091905628635 0.009207247083835 -0.982113222276864 0.019117114798461
1782876016.006122 10.457323069907718 -3.194092796498355 1.831886657807286 0.183617674591968 0.013874319808246 -0.982608235453830 0.023939683487615
1782876016.106210 10.404162817644465 -3.198942050628531 1.824216495228238 0.179500437859521 0.007726277487353 -0.983255335047891 0.030476934625505
1782876016.206100 10.344417918355356 -3.205676325524585 1.810915578248939 0.179768916918360 0.012240826807225 -0.983121689209297 0.031702411189240
1782876016.306053 10.274836283766186 -3.215251242087333 1.801502471533041 0.178432150340864 0.017418863811683 -0.983316846626541 0.030765728474364
1782876016.406252 10.216544551920515 -3.217055642437129 1.798404537336160 0.179412460405067 0.016419962036962 -0.983066844567134 0.033483324369014
1782876016.506260 10.159470230472365 -3.222492777996956 1.786569744302360 0.187057256852452 0.012866102683973 -0.981693446010765 0.033496628486303
1782876016.606143 10.097079496557601 -3.229384473296131 1.775364632199351 0.179526206317700 0.020612522123476 -0.982865315942937 0.036348808689591
1782876016.706212 10.048297516905416 -3.236002802543452 1.769901961309717 0.179280529014520 -0.001508049315872 -0.982881622764001 0.042425621223693
1782876016.806072 9.991478840519417 -3.239625407419036 1.755553972942071 0.178462196021769 0.009996290233926 -0.982905121232369 0.044145684134566
1782876016.906075 9.923309356304234 -3.248198563151140 1.739950703811755 0.178544039511760 0.018732157932634 -0.982803947641813 0.043214959372389
1782876017.006055 9.854288107211497 -3.255035992391114 1.732112966085765 0.179957795670382 0.021829681821534 -0.982450229739482 0.043934073948870
1782876017.106270 9.791925177279122 -3.263365968654423 1.720247241679161 0.180914619568930 0.023374053996515 -0.982249987155955 0.043686574116109
1782876017.206243 9.728214590307140 -3.270744162316407 1.703336952955941 0.188274819068815 0.016387953488764 -0.980873526541368 0.046595626567676
1782876017.306250 9.676962819961556 -3.276410600342190 1.702249180839735 0.178050926531391 0.016772663895808 -0.982545085416982 0.051202543198219
1782876017.406125 9.626362103780785 -3.280649425076892 1.697560722026874 0.180989261788043 0.012203008716715 -0.982226060972240 0.048227988165757
1782876017.506267 9.569392860651607 -3.287515830670846 1.684031393704546 0.181144725996804 0.015411642494621 -0.982343159470041 0.044169973527931
1782876017.606129 9.514077717290347 -3.286990733447615 1.682633843248957 0.175720050831302 0.027491020358831 -0.983257028019218 0.039652545771599
1782876017.706282 9.463665731815638 -3.288393811547838 1.671873418927926 0.182863387203718 0.018553044471236 -0.982317144745174 0.035634159184696
1782876017.806258 9.407278686855205 -3.289011319551551 1.653244615856790 0.189341858215871 0.016193707172551 -0.981206746862870 0.033477522101143
1782876017.906191 9.351323411134450 -3.294478425081611 1.638197065004344 0.179201632699103 0.032783788802537 -0.982693213764814 0.033556603674770
1782876018.006178 9.306211138636414 -3.307068215499733 1.632862997977107 0.181487611676545 0.013981038948019 -0.982520178066659 0.038998423681171
1782876018.106281 9.254901590381531 -3.320895980331350 1.622481980383590 0.184497913627130 0.016793633088529 -0.981904629090348 0.039265673631666
1782876018.206192 9.199032459432896 -3.326462353946766 1.616454732988967 0.176409594111385 0.013094281773460 -0.983416160458444 0.040010626580231
1782876018.306188 9.142752241333243 -3.333060797987923 1.610083948023305 0.180832417081024 0.025392683351612 -0.982465326549318 0.037639483166724
1782876018.406193 9.084574139684291 -3.331028325266820 1.599965566386491 0.185564038262924 0.023971170569111 -0.981648679636485 0.036840744467540
1782876018.506328 9.027394383616471 -3.335242597525921 1.577448669242659 0.195254632868717 0.015677185269180 -0.979840777386659 0.039267100421625
1782876018.606268 8.974238693634440 -3.341503408867093 1.572489042854581 0.181734332862645 0.019489476266738 -0.982275505201177 0.041564702037489
1782876018.706137 8.930419119330267 -3.346678239438057 1.569683664133417 0.181690492177000 0.008621448516720 -0.982192809193938 0.047026814112268
1782876018.806213 8.876234665480295 -3.350632103295711 1.557144143449037 0.181690934643627 0.016198863136418 -0.981957705816944 0.049850427159776
1782876018.906270 8.812599917068173 -3.358495180523450 1.550978688397631 0.175176458133570 0.022263079909380 -0.983068921197182 0.048918912138469
1782876019.006180 8.758929446225027 -3.359816100402933 1.547540688819029 0.181001882788896 0.020492407327169 -0.982110885902439 0.047713598277792
1782876019.106293 8.705385036484353 -3.367597521572124 1.534664387543764 0.184982739669539 0.019576521873930 -0.981762676788670 0.039245283541993
1782876019.206175 8.645286495354172 -3.368412942754346 1.512785684898071 0.191476297030145 0.028366340581666 -0.980398880063669 0.036745263196867
1782876019.306189 8.592676688278516 -3.373216446874296 1.512520621783666 0.180937275575341 0.009876082809233 -0.982770119092846 0.036428811589546
1782876019.406205 8.544744132545262 -3.372375946367935 1.508138378123866 0.180722337691199 0.004682760090971 -0.982873651971559 0.035733635098116
1782876019.506338 8.490857529565703 -3.373441784044462 1.497847084587987 0.177731827509520 0.000154001383370 -0.983414066176047 0.036168331737448
1782876019.606179 8.427645152859871 -3.379122307076570 1.483568703002750 0.182041428997378 0.010400870652038 -0.982678483792167 0.033101926078024
1782876019.706219 8.369616386227282 -3.378746406814332 1.477743995893968 0.180528132542433 0.014616710104424 -0.983063468455534 0.027967161717241
1782876019.806300 8.314909460086351 -3.379307254038640 1.465333484895480 0.181219118323875 0.014050613617908 -0.983103939643372 0.021653066028521
1782876019.906249 8.262604862982569 -3.377456518327298 1.446871864271025 0.186065346874922 0.014036936029462 -0.982223122671667 0.020503375532253
1782876020.006195 8.212640638911578 -3.384889612532190 1.445605987763951 0.180923959955624 0.011698838210920 -0.983170930776208 0.022462830966100
1782876020.106206 8.163764095560033 -3.388839426663560 1.438488812233108 0.181599731840469 0.008321626263814 -0.983212992036032 0.015636502909091
1782876020.206199 8.106010548091485 -3.392572166920094 1.424414492762085 0.180030003265937 0.011531730132580 -0.983574918031525 0.006049606877261
1782876020.306338 8.044500903296957 -3.390041808067743 1.424015872475984 0.177270437807959 0.023907147856640 -0.983867611413384 -0.002857161586876
1782876020.406178 7.987640703383780 -3.384705286937526 1.415203086031946 0.185079307463770 0.018746691230661 -0.982508989424072 -0.008384343587778
1782876020.506277 7.924688365358631 -3.382506820272636 1.395285198129420 0.194474018656694 0.011552671925720 -0.980794560554080 -0.009403288057812
1782876020.606303 7.861981821054552 -3.382147161068429 1.387381485793461 0.178811470243288 0.018745538798053 -0.983670948921324 -0.008156416658232
1782876020.706291 7.808194282338835 -3.377857907308565 1.382070319770928 0.180568076873276 0.003629966044471 -0.983543006852508 -0.005014641782303
1782876020.806310 7.754076062181499 -3.377151844189829 1.370263405387129 0.179579865024140 0.010774559818224 -0.983677911034547 -0.003570473528768
1782876020.906301 7.695779343109773 -3.380996428013088 1.358636627752691 0.175246933298380 0.019114006002246 -0.984330231270327 -0.004142819237952
1782876021.006297 7.642752692681701 -3.384336318950294 1.355535668747647 0.179718355797251 0.016143461139770 -0.983568955490635 -0.005728092780211
1782876021.106317 7.595539406901593 -3.384613807197211 1.344148227172687 0.182782318777260 0.017210620133999 -0.982973943354473 -0.007526299425571
1782876021.206308 7.533467579096568 -3.386987104957473 1.324253946909208 0.187658638235085 0.019230546882205 -0.982035260135358 -0.004601023051442
1782876021.306277 7.475859102755642 -3.388288118048309 1.319806335073700 0.178734352672856 0.009978358872859 -0.983846632761982 0.000516460650078
1782876021.406306 7.420194001758341 -3.389641026163328 1.310227413091181 0.179646102171648 0.008793892680585 -0.983682987048304 0.004210275247149
1782876021.506294 7.356135917848968 -3.393104717191269 1.293690465641981 0.183245337498426 0.016253182068900 -0.982910083755468 0.006689365397023
1782876021.606233 7.289523478201813 -3.392067794327667 1.285679136061741 0.178271641038520 0.020608104765571 -0.983759152621782 0.003529539934695
1782876021.706279 7.236885000058280 -3.390124582607133 1.272297750549773 0.184293063685791 0.017966515105777 -0.982696526787780 0.004561496614767
1782876021.806348 7.186056289337453 -3.389534992434641 1.260013691188137 0.188649235443616 0.016191573580237 -0.981896569932501 0.005331497556656
1782876021.906270 7.131118148022717 -3.392833337840382 1.252030798782157 0.180973685924266 0.027914832117955 -0.983081421614294 0.004495067018783
1782876022.006404 7.088894691972897 -3.400172633239143 1.250082504572193 0.181214849330168 0.010341386283115 -0.983377165265335 0.004856433524135
1782876022.106405 7.045536376950698 -3.406980878716890 1.238099805550858 0.183789092358767 0.012050258672038 -0.982882493891367 0.004285323515873
1782876022.206290 6.987616270103093 -3.408821857836178 1.225684759728774 0.176372372079237 0.008374134287256 -0.984276707977860 0.004692800253535
1782876022.306417 6.928460257762562 -3.409229475693165 1.219310428473790 0.180822960645914 0.016808780830753 -0.983371108102810 0.001336240529648
1782876022.406331 6.869895005662263 -3.404164534696127 1.207894261206286 0.183333359639036 0.017339786484570 -0.982897863983122 -0.000005041907368
1782876022.506308 6.808540637366229 -3.397776955437694 1.191178592386817 0.190295810259788 0.013632818412191 -0.981630507105848 0.001788401156470
1782876022.606384 6.751441164725413 -3.396308541825173 1.185739265302277 0.183149513521116 0.019621242111892 -0.982867989345721 0.006463596083807
1782876022.706375 6.706357044450016 -3.394762589931144 1.181210360152817 0.183762936149959 0.011374364750837 -0.982852134355720 0.010172960057748
1782876022.806281 6.653873696709357 -3.404578012061057 1.170078322615723 0.184916417610890 0.019372979257760 -0.982492265736017 0.011813295112360
1782876022.906422 6.594956024122520 -3.407083219192874 1.169747864073448 0.178081759451445 0.023445496173024 -0.983698505943365 0.008628155338229
1782876023.006337 6.534912276110910 -3.405582297040063 1.159906776616961 0.185163992222841 0.022238563336902 -0.982390085730177 0.011378125668834
1782876023.106253 6.466346049031692 -3.405718839683329 1.138024164701158 0.190105594635624 0.016090345948446 -0.981551008290811 0.012592925738552
1782876023.206438 6.391528705767722 -3.408878657196202 1.118034832193858 0.187374255404196 0.024174580875993 -0.981874694730185 0.015118263774958
1782876023.306336 6.326110578938165 -3.412746858582835 1.109663525585715 0.182498167067897 0.011099680932399 -0.982890802861930 0.022290934241499
1782876023.406285 6.269254841406597 -3.409487001781233 1.096130952073655 0.182062182645965 0.014582053684467 -0.982886943923831 0.023957896912556
1782876023.506350 6.208209197947678 -3.413265669051152 1.084326322218485 0.175047572341874 0.012675513398118 -0.984158448684789 0.025096347533671
1782876023.606425 6.144670669798317 -3.414986451211092 1.082813041400404 0.180211291786934 0.027378292594248 -0.982921599471419 0.025287322901536
1782876023.705786 6.090992281175253 -3.414853633588529 1.075770214771992 0.182942761915638 0.027746136760795 -0.982441774898152 0.023880047997609
1782876023.805616 6.029323291700885 -3.418741470292526 1.058818174331249 0.191341026925264 0.016848667101459 -0.980997005337060 0.027378994716368
1782876023.905154 5.965821156411304 -3.433004727006887 1.049315040402331 0.183466848461206 0.018005966046293 -0.982315936746473 0.032727681192223
1782876024.006337 5.910581581337200 -3.436225121264858 1.042771221042314 0.183543394733123 0.014286881855331 -0.982510663254730 0.027937498945151
1782876024.105160 5.853433585409714 -3.442292030227160 1.028076021094997 0.183836686148957 0.017647572753428 -0.982584126425734 0.020520002381242
1782876024.206313 5.790634461802063 -3.441227669938347 1.027834453534220 0.178952959071166 0.020724952366956 -0.983564107013539 0.012163970716286
1782876024.305715 5.741147405965854 -3.442223636098665 1.017622963734730 0.185957250771513 0.018209597100292 -0.982362126430135 0.007277637973704
1782876024.406449 5.679890290240347 -3.442265165427893 0.999845879135181 0.195530108888438 0.008955492467823 -0.980644768805539 0.004859329885051
1782876024.506322 5.617597659163644 -3.446655001850332 0.993218824826039 0.184717452851579 0.009961335389827 -0.982727318847540 0.005220268179687
1782876024.606511 5.566632807582442 -3.446282817495619 0.984331821761586 0.184265778879560 0.005956833245570 -0.982829687883542 0.007512888006605
1782876024.706419 5.501958136781149 -3.449248557932826 0.967401580606249 0.184088816118435 0.014856892992765 -0.982766107459832 0.007833169143568
1782876024.806418 5.432898711186914 -3.451697759939531 0.960165853430110 0.182203505810752 0.020528407934603 -0.983039916584437 0.003604072622963
1782876024.906407 5.364927238755489 -3.450229147661812 0.948991298370741 0.184336230910855 0.017808157782252 -0.982692206304106 0.004364763340186
1782876025.006344 5.293093300183657 -3.447260284143736 0.924032884689393 0.186689769863533 0.013953299880149 -0.982309252570569 0.004557144376757
1782876025.106353 5.226176528369138 -3.447182652203029 0.913940876317669 0.180581089854363 0.016824561542162 -0.983382752739319 0.008109607304204
1782876025.206375 5.171027680452521 -3.444136769036470 0.905929481935352 0.180747279692966 0.017665106685359 -0.983307205825915 0.011193920675208
1782876025.306316 5.113100467196363 -3.450299418041362 0.891816243311536 0.180346856260107 0.019580534103862 -0.983312623878193 0.013707583410297
1782876025.406387 5.047582352493162 -3.457230265335278 0.885726154045699 0.180478405386534 0.026184446121299 -0.983150035201858 0.012566950819587
1782876025.506496 4.992354308073272 -3.457731389230430 0.884726424994715 0.182957013997920 0.018487597314099 -0.982858469433688 0.013197304150731
1782876025.606538 4.924977566735388 -3.459939755826424 0.868582458211421 0.187878986774015 0.022206289670125 -0.981848551804380 0.013482890912539
1782876025.706516 4.851863392813662 -3.465186920356262 0.854356607168652 0.184068322552062 0.029192407893807 -0.982335836151561 0.016821443651123
1782876025.806479 4.795025654153349 -3.469344244388170 0.849952227744024 0.181561054796681 0.012169098175066 -0.983014358009781 0.023880292653210
1782876025.906517 4.740784315589885 -3.473913278180882 0.837146807216487 0.182086281731522 0.022861796059226 -0.982706984746089 0.024676029203433
1782876026.006527 4.687282533428669 -3.483991283520985 0.830173644413235 0.177201409066969 0.030092627749291 -0.983389125218958 0.025296695056451
1782876026.106570 4.640594618772354 -3.487926346943902 0.823365632805931 0.182918612056717 0.023280858354500 -0.982523399823572 0.025427382808983
1782876026.206510 4.587824827397725 -3.494478689863642 0.809654507221610 0.187789787442086 0.019721375228012 -0.981672168531148 0.025803422695219
1782876026.306434 4.528232367458847 -3.497019293129334 0.795863294171249 0.187368865965202 0.025797592088412 -0.981542810331538 0.028303777056866
1782876026.406384 4.475332247633765 -3.497993993063465 0.790347147627628 0.180366229016360 0.014333012967245 -0.982886781869872 0.034585577847557
1782876026.506482 4.417781022450321 -3.499245680840764 0.780077414222208 0.182524881624184 0.011430774870199 -0.982399355023372 0.038019892470525
1782876026.606377 4.353163364402064 -3.504174008784845 0.767595647494824 0.180948556205705 0.013150471400817 -0.982537903863924 0.041278960495107
1782876026.706479 4.289589052474541 -3.506414082518021 0.765514552311152 0.179248285764281 0.026038782270849 -0.982664978381112 0.039516757603946
1782876026.806554 4.233799400903042 -3.510980066949014 0.753743456576711 0.181887589039570 0.026395110902825 -0.982168940880935 0.039552176204182
1782876026.906507 4.171400129593597 -3.520440694601985 0.733732088308519 0.186635125088927 0.016715154404521 -0.981378683430641 0.042235215212884
1782876027.006503 4.109078449998007 -3.528505779218530 0.724129509145484 0.181553145356316 0.022451904292199 -0.982116163358706 0.044522006629549
1782876027.106389 4.061261029721336 -3.533656301872480 0.720746160234984 0.181509150660933 0.016475746521367 -0.982016316688029 0.049263899168173
1782876027.206420 4.005470598671618 -3.540126975989180 0.705759479271616 0.183169388205534 0.015864695481965 -0.981531659305456 0.052847785598053
1782876027.306547 3.941447932777847 -3.548781483567116 0.695268430238574 0.175834860708401 0.014381133320441 -0.982796652972706 0.054644520947555
1782876027.406551 3.878123867813537 -3.558731447654678 0.691483482651730 0.179534987433230 0.021514051232802 -0.982047548234050 0.053730316342443
1782876027.506402 3.820867507520460 -3.562928697391958 0.680653958733892 0.181339144151872 0.020352739753143 -0.981713717727141 0.054222294391038
1782876027.605685 3.758652466257307 -3.570087139891389 0.661083546573901 0.189415941414579 0.013114143136033 -0.980175432147867 0.056619277648565
1782876027.706550 3.702885294497422 -3.577621194496235 0.654588133793378 0.179503431786515 0.015222088361897 -0.981671278085156 0.062195721599552
1782876027.806596 3.654073948320302 -3.578234295731047 0.648442759261133 0.181663616980952 0.013535488538025 -0.981165476942068 0.064260623031107
1782876027.906490 3.602893313117157 -3.587602177876504 0.634168863667175 0.182423724676162 0.021817995500621 -0.980662622368098 0.067426855462818
1782876028.006577 3.546953623056296 -3.597334838992906 0.630062466052878 0.174362630007537 0.028130010979198 -0.982188008596207 0.064133388409230
1782876028.106603 3.490051164673255 -3.602012065655720 0.621475988661763 0.180005265523118 0.024775932873193 -0.981133022078908 0.066047335452640
1782876028.206540 3.431618576165993 -3.610859578092706 0.607124523143685 0.184771124921270 0.025673582905036 -0.980241165724439 0.065785678952254
1782876028.306482 3.372178481490445 -3.621921106939794 0.591589697005853 0.185388502942502 0.032767478313920 -0.979733764534095 0.068404283297196
1782876028.406497 3.325698729967501 -3.636408260285175 0.591736210538325 0.179517800160864 0.015819026234479 -0.980935497708007 0.072723223048829
1782876028.506456 3.270445459632871 -3.650389601292944 0.578251347350823 0.181504809374942 0.016005345974923 -0.980495664103793 0.073675543754490
1782876028.605618 3.212891648850355 -3.660823871896923 0.566475495341269 0.178926096598592 0.013762505116852 -0.980758594262047 0.076867582178059
1782876028.706547 3.157793256860209 -3.673729342639362 0.563502164820094 0.177300018958637 0.024640334176117 -0.981029872941675 0.074417374348112
1782876028.806559 3.098562237450377 -3.681366939486054 0.551607635882001 0.181464393296810 0.025568814657067 -0.980244349658288 0.074417233523713
1782876028.906595 3.037158164162663 -3.685377449985032 0.536293920961236 0.185345747622296 0.017593237539777 -0.980070961982325 0.069270060705274
1782876029.006586 2.977341078907878 -3.687103061544045 0.529208421898017 0.176540392339811 0.026871081272674 -0.983113403172667 0.039993391527488
1782876029.106460 2.924866669416840 -3.674911464229507 0.528001489523236 0.179854803434775 0.017230781230041 -0.983456161390895 0.013012627782241
1782876029.206294 2.859356699504849 -3.668414201825535 0.512377908495897 0.181346015915075 0.022170192597972 -0.983132357881027 -0.008536507427658
1782876029.306437 2.792350293015934 -3.661806489100166 0.505129179782619 0.173111630750201 0.024825905698652 -0.984372839417708 -0.020643418366152
1782876029.406553 2.732726756704511 -3.654395998545363 0.498487109162910 0.179007944117853 0.018242077980891 -0.982993526271919 -0.036702994986910
1782876029.505598 2.676430978778102 -3.653449203190312 0.483673835643388 0.183129719538792 0.016866675095391 -0.981857971149954 -0.046194648846367
1782876029.606587 2.619726937523362 -3.649184323730252 0.465554642357760 0.191073800278697 0.019944334809120 -0.980178253252924 -0.048410930645840
1782876029.706585 2.570350002162607 -3.650749445814471 0.466013104389895 0.184151585047191 0.016308850051105 -0.981619457758470 -0.047386235179172
1782876029.806513 2.525018151027034 -3.649985300856109 0.462108566083485 0.184725423242163 0.005957430460402 -0.981554236512914 -0.048911223801211
1782876029.906524 2.470112928541020 -3.646973529913153 0.447872268819910 0.186616231530825 0.015235450568485 -0.981182539387952 -0.047149629641039
1782876030.006762 2.413795898192254 -3.642004326429713 0.444046436240223 0.181676682829990 0.022560437935710 -0.981650902740635 -0.053348989722434
1782876030.105662 2.358488745991341 -3.629552553324280 0.429729829501145 0.186632526787888 0.020108094387961 -0.980767064192878 -0.053478315972022
1782876030.205585 2.298648768530335 -3.619096802593706 0.410375959263890 0.191653086079750 0.013772864243426 -0.979962300477322 -0.052471825294183
1782876030.305628 2.239574217513191 -3.610092499935168 0.398860895745230 0.182117145456889 0.025843915803726 -0.981631565543290 -0.050644909669797
1782876030.405608 2.188845045087911 -3.607179348632190 0.393635753083242 0.181497204365243 0.005297201057189 -0.982694998070432 -0.036623015110494
1782876030.506637 2.147857813109311 -3.608429435414267 0.383450568154815 0.178261933400282 0.001383144593797 -0.983893048789610 -0.013237770007860
1782876030.606614 2.102561561035452 -3.613337452998544 0.367725190952856 0.179120132318274 0.011406502599792 -0.983758424131497 0.002287541673307
1782876030.706716 2.045232265954885 -3.613368436245858 0.361360938058390 0.179940237093113 0.020123098727177 -0.983412432436300 0.010796281863637
1782876030.806509 1.991062487131465 -3.622890327035415 0.352746177279009 0.174888342752004 0.026316040946277 -0.984057779723860 0.018756858030830
1782876030.906640 1.935820447353259 -3.634741621366845 0.340111817021593 0.172293207157137 0.025737556951720 -0.984369368592074 0.025876149388478
1782876031.006547 1.870257426348742 -3.647025114268253 0.322697371102448 0.179339498609579 0.022048048554437 -0.982939493137236 0.034368308430697
1782876031.105591 1.810888314056153 -3.653722402948231 0.319571805312306 0.171565776258398 0.009110920542765 -0.984103267089040 0.044977052463058
1782876031.206608 1.755403467935949 -3.660364413868995 0.312175366181216 0.167199959246383 0.008691945563835 -0.984805180791343 0.046123525415170
1782876031.306653 1.694321068470324 -3.668055303853038 0.298073233524057 0.171754241115234 0.014135575925043 -0.983813584141504 0.049107003682944
1782876031.405682 1.635476787838725 -3.678038269938963 0.297881773664485 0.177949831787652 0.020591566737575 -0.982666493446513 0.047711711386658
1782876031.505630 1.579724401487685 -3.684458579918828 0.289300689982932 0.180088322205278 0.015973385285606 -0.982289535009572 0.049196713084870
1782876031.605639 1.526715810240527 -3.691570451624262 0.269796185239369 0.185236031152199 0.012913521694062 -0.981239025133089 0.051873203835654
1782876031.706549 1.469685792306113 -3.704621751346668 0.260245958143457 0.179358786289243 0.013082711736091 -0.982194543115453 0.054342873576760
1782876031.805648 1.413657687454362 -3.711727978723432 0.255528979847461 0.180536833836008 0.011959876941182 -0.982548436831694 0.043150692363959
1782876031.905647 1.347679775097745 -3.718189242160034 0.241875985396455 0.186865078506975 0.024216605406178 -0.981913092327943 0.018484522499481
1782876032.005657 1.284215101604335 -3.720794873805463 0.239070879384753 0.179586658036824 0.029569203236593 -0.983297559447928 -0.000451728614779
1782876032.106609 1.225734617772998 -3.713476128505541 0.227664215017599 0.188141580584052 0.023625575136886 -0.981722331357941 -0.016304660922246
1782876032.206572 1.173291361535167 -3.701660965061298 0.209666020188642 0.196057339372273 0.013853259480435 -0.980154616833536 -0.025817319376938
1782876032.305611 1.118044247359282 -3.691964593790187 0.198720901109590 0.183778759877911 0.025702701879856 -0.982096246914013 -0.032429929557363
1782876032.405641 1.073197212014069 -3.687010213719908 0.192084183679598 0.185694726639897 0.009315766431148 -0.982099404207874 -0.030190151512492
1782876032.505631 1.022798967440836 -3.686807170258964 0.179604894740216 0.186185754409441 0.011782882560173 -0.981902501813777 -0.032611431512251
1782876032.605617 0.969545137637794 -3.687126347019931 0.168809612415344 0.177520294092156 0.010665013715785 -0.983453734675121 -0.034518899479950
1782876032.705607 0.925019345389357 -3.685633728318292 0.162156754948060 0.182789505359457 0.022097401802460 -0.982163618526658 -0.038135652695610
1782876032.806612 0.871131069872647 -3.680004944283426 0.148976393425465 0.186700331917255 0.023393324835056 -0.981283674383432 -0.040964482220233
1782876032.905681 0.811982968510091 -3.673807444405027 0.135042755437780 0.192580233996236 0.015148319674517 -0.980383990944124 -0.039123039060608
1782876033.006619 0.754325188907945 -3.674493040259166 0.137334198155627 0.183479872675407 0.019668373530012 -0.982117044413016 -0.037341698930502
1782876033.106580 0.699059250632762 -3.673512412865088 0.131475404543373 0.184112332793788 0.017024265070116 -0.982136944908538 -0.034926276034657
1782876033.205625 0.647051828704757 -3.671898367822318 0.115616475957067 0.187862286653074 0.022177222429137 -0.981417570971774 -0.032178928610857
1782876033.305656 0.582773112676260 -3.671066580401863 0.112966494603604 0.179097789773742 0.029446390291583 -0.982795207405561 -0.034212163005146
1782876033.406540 0.524413333265831 -3.666381059528363 0.104015702904942 0.184803969059877 0.025012445826893 -0.981839973167415 -0.034815767461837
1782876033.506662 0.461324749129903 -3.659059946303374 0.088303141924717 0.192495333400850 0.019486921922481 -0.980516731856686 -0.033952099225847
1782876033.605674 0.413390057350279 -3.651224676381899 0.075892756464008 0.191545784380437 0.019359164024489 -0.980801627173776 -0.031041961721263
1782876033.705704 0.386941192549407 -3.650007113342355 0.069191683375770 0.182918159600574 0.027857906662111 -0.982330425821708 -0.028139268461703
1782876033.805719 0.369278702904516 -3.651608265197551 0.066712774957819 0.181883833008340 0.017468634754561 -0.982853411656030 -0.024744479909315
1782876033.905595 0.357825718299401 -3.656748525475869 0.062580271920959 0.184687627245823 0.017221886506155 -0.982425259864693 -0.020844561572329
1782876034.005620 0.352897861314995 -3.659713565057849 0.061551150501478 0.182617916465091 0.017487364913804 -0.982866277880316 -0.017854088044153
1782876034.105750 0.340869042253686 -3.659541487132561 0.060681773878938 0.178604557603980 0.018171976169373 -0.983596344899699 -0.017561935685228
1782876034.205772 0.337164520787814 -3.662966101317044 0.057250674179552 0.179547583540191 0.022255919113928 -0.983378323000367 -0.015310557211671
1782876034.305650 0.341379373031642 -3.667583387196247 0.058351886903256 0.179988668221627 0.025421792855812 -0.983237378071718 -0.014215137084337
1782876034.405414 0.346440392250254 -3.672009426823285 0.062707095164199 0.179213821975908 0.027068456713960 -0.983346520595562 -0.013391232071244
1782876034.506658 0.354855381809664 -3.673633957846157 0.065584390875658 0.179353150618233 0.029320880634004 -0.983268142538155 -0.012509723881745
1782876034.605719 0.356092530366152 -3.674564812785627 0.066403481709377 0.178737314882994 0.031726494861235 -0.983316319574198 -0.011636900410364
1782876034.705646 0.353599456886651 -3.674386310775711 0.066522075037135 0.178371092633479 0.033531422479950 -0.983306911894575 -0.012919521641076
1782876034.805640 0.352824003604728 -3.674016412600883 0.066169005905699 0.178896069140079 0.035510947230640 -0.983069135756627 -0.017613727475936
1782876034.905629 0.355300292235443 -3.672281740571361 0.064831039843337 0.179790079606024 0.039248576183885 -0.982526943697317 -0.027854648651112
1782876035.006685 0.358374089349793 -3.670015316721925 0.064976127273320 0.179861607635727 0.038658790238998 -0.981969040435578 -0.043498317919763
1782876035.105770 0.367004011099433 -3.669037991079016 0.065901677834312 0.180845457661167 0.040440934801471 -0.980553611296049 -0.064607016723042
1782876035.205771 0.373193214107894 -3.662859084256294 0.069543676249199 0.178895042609190 0.029614917947051 -0.978938062465246 -0.093807197066672
1782876035.305735 0.382882191224053 -3.657544397016114 0.076967729876821 0.177403145448995 0.023640258352405 -0.975730797706945 -0.126169221983305
1782876035.406736 0.392252423493565 -3.650002564049648 0.080078389617578 0.174687739872090 0.016904476746477 -0.971273369237580 -0.160706174162841
1782876035.506767 0.395290501126779 -3.636955878251555 0.080759352126976 0.172180639182697 0.017341554062644 -0.964893333704060 -0.197570120632307
1782876035.606751 0.399386666888219 -3.621109649551559 0.084418500174093 0.171031351477418 0.013499427019945 -0.955472969940187 -0.240077999815657
1782876035.705813 0.407484769701465 -3.605316945061028 0.083001885578075 0.176231780028975 0.005232805173199 -0.942670350034569 -0.283350646061392
1782876035.805753 0.419962352256834 -3.588994597690208 0.081288487370394 0.172467601792103 -0.015022793930531 -0.927890105213108 -0.330225975117155
1782876035.905648 0.428183079171295 -3.578827068012941 0.081502271133293 0.162479439358241 -0.020186317855347 -0.912513467273778 -0.374849458317775
1782876036.006695 0.440870963330314 -3.561807240457402 0.073877567956433 0.160184990193209 -0.031839643845528 -0.893192930563380 -0.418967056924596
1782876036.105813 0.453249549488071 -3.550295731862429 0.075915935202312 0.148806364712334 -0.027643759646059 -0.873897616765861 -0.461947446994295
1782876036.205762 0.461547002342827 -3.543376189190599 0.088006598955752 0.142468317587803 -0.002014942271460 -0.854990959584448 -0.498687454745029
1782876036.305752 0.463923387398101 -3.530636692750363 0.093244722690929 0.138743641235075 0.002644482083842 -0.839238980843014 -0.525757683505232
1782876036.406766 0.468248948542774 -3.515156587753379 0.093409405363029 0.136414860821128 0.007513834764831 -0.826181929832133 -0.546587547290459
1782876036.506771 0.476517078422637 -3.500319767342970 0.092652849119016 0.142788175603028 0.010712746405629 -0.813993320916216 -0.562949062949805
1782876036.605805 0.481886844519277 -3.490104935565834 0.090765023387718 0.144122767192910 0.009698177847528 -0.806783247533089 -0.572918288085591
1782876036.705802 0.482819577958843 -3.489905895784696 0.094603218421660 0.143459660747038 0.010693957352078 -0.803177404045217 -0.578109870738728
1782876036.805722 0.477394414194078 -3.488258866064426 0.093759824602523 0.143891236505261 0.011856903001606 -0.801802668789851 -0.579885511311963
1782876036.906797 0.474686093197376 -3.484700127664058 0.091507682288491 0.144495723534915 0.011091730355932 -0.800164530675759 -0.582009177974147
1782876037.006737 0.468332521760732 -3.484506935324666 0.094375756941072 0.144978333439884 0.010056432715063 -0.799298258558441 -0.583097285930360
1782876037.105874 0.459559943146694 -3.483872265767844 0.094127458461553 0.144380862101576 0.009921842322834 -0.798839674168584 -0.583875756199744
1782876037.205762 0.459045103335714 -3.480427669871811 0.091878384450022 0.144895743944558 0.008089349582995 -0.797885357782701 -0.585080115578980
1782876037.306802 0.456580846884596 -3.477652804382465 0.090634950407369 0.146890639780770 0.005771556495307 -0.796717023488281 -0.586201171582124
1782876037.406792 0.452642851729944 -3.473149856941888 0.088345745106141 0.149880490849217 0.007891061905991 -0.794212477682158 -0.588812457322895
1782876037.505734 0.452119810820858 -3.472086236026140 0.086757614596819 0.151306572415068 0.006253825910530 -0.793593072018928 -0.589302339083182
1782876037.605952 0.448638509290680 -3.473809833919335 0.087851726617678 0.151360533044397 0.007892598014733 -0.794236902500319 -0.588400746634175
1782876037.705771 0.448658496303412 -3.476390666409847 0.088240803716324 0.149229541104906 0.012558994776081 -0.797070706375820 -0.585022311326027
1782876037.806839 0.454218696187916 -3.480443016790353 0.090209631315383 0.143060983624656 0.009989950496612 -0.803417345667992 -0.577887813103099
1782876037.906798 0.466674073634342 -3.484799580107020 0.094146841837706 0.135062145253113 0.006382250057843 -0.807535602778829 -0.574111255810509
1782876038.005949 0.472197225554722 -3.483216241497542 0.091789121586255 0.134203283898135 0.005543953677036 -0.810913989023037 -0.569541258887529
1782876038.105752 0.470320284579905 -3.484571080145031 0.091789734262903 0.133822409223765 0.007231224752851 -0.813630361849046 -0.565725115630706
1782876038.206937 0.468766636420928 -3.486650212390892 0.092561672418886 0.133740828403853 0.007956872332211 -0.817654166122360 -0.559903334177562
1782876038.305882 0.468634773356833 -3.485740610494682 0.091812290643764 0.134400517371958 0.007115331843060 -0.819920772650614 -0.556431307133950
1782876038.405900 0.472960572900452 -3.486971174520857 0.093352686116260 0.133270715522982 0.007070081876080 -0.821025487519218 -0.555073039491157
1782876038.505871 0.473543030759935 -3.489320335370202 0.095664594961537 0.132530220372031 0.007148473753747 -0.821898645991142 -0.553956005228685
1782876038.605608 0.472317875351261 -3.489890826095973 0.097509317410869 0.134184546458501 0.006523934540706 -0.822351769069469 -0.552891954795881
1782876038.705916 0.468341227536607 -3.489762567386289 0.099266929384154 0.133758476203806 0.005758696645820 -0.821473049895148 -0.554308159557843
1782876038.805856 0.467282040877952 -3.485982282599903 0.099683495609666 0.132933530877235 0.005978592524580 -0.818146102952299 -0.559401364874778
1782876038.905802 0.468370365212906 -3.482123917830538 0.098460418351531 0.133073137680833 0.006236263180559 -0.814225553798925 -0.565056985259022
1782876039.006779 0.464476914841124 -3.478426819607479 0.096566731208812 0.135095462974330 0.007719068170853 -0.806427022377252 -0.575643196303008
1782876039.105840 0.457930997005586 -3.475611919345237 0.095624069965510 0.136976589144894 0.011004940324920 -0.794482020036495 -0.591535818994308
1782876039.205793 0.468150359904700 -3.469186955842767 0.094196421880402 0.137657839905008 0.013704925006692 -0.779192006744736 -0.611328316674614
1782876039.305911 0.484797874732972 -3.463507742535929 0.094998312379964 0.132386620583487 0.010438035036769 -0.759164328014515 -0.637208249464162
1782876039.405831 0.504816736847373 -3.462364621566110 0.097483247268348 0.127929041296545 0.007071669518922 -0.730654960989528 -0.670617237971416
1782876039.505969 0.534145032096896 -3.460294363449525 0.098269685300449 0.121881187951957 0.003216553042895 -0.692730279586452 -0.710816002601149
1782876039.605797 0.560061572780602 -3.465931607892119 0.096096979281588 0.116637442803420 -0.004930486044572 -0.648590469884686 -0.752131504205390
1782876039.705871 0.592406314322096 -3.473443988576435 0.090117502276494 0.112731385726188 0.010282813068398 -0.585181130604551 -0.802962603619801
1782876039.805869 0.603215961775312 -3.465180204766798 0.102424143104305 0.131787319077290 0.006631798432097 -0.521747193789348 -0.842833309470369
1782876039.905793 0.615439539796187 -3.461320720065024 0.109858552347285 0.126740467142694 0.008975994765358 -0.450394546862263 -0.883742630896020
1782876040.005965 0.639279131832052 -3.475252483859509 0.115546707169687 0.096041665820539 -0.002410511274166 -0.388380025152948 -0.916477574152181
1782876040.105928 0.652318820308467 -3.489860726683525 0.118554701033005 0.072375690449928 0.000896040228218 -0.342761592489702 -0.936629834703971
1782876040.205804 0.652086103374502 -3.500209237221168 0.119136457745823 0.063494404552903 0.001224992999970 -0.315098152257286 -0.946931948149668
1782876040.306000 0.651631841684586 -3.504474259959998 0.119437980707423 0.065629153662471 0.000833069849881 -0.291599414300623 -0.954286069144660
1782876040.405829 0.658579104991488 -3.513788339705458 0.125337453163224 0.052361858069051 -0.000655180862358 -0.278118100803146 -0.959118412169792
1782876040.505953 0.655913006895109 -3.517216209868473 0.127747137700746 0.049670093794772 -0.001545252137111 -0.269390372429369 -0.961748054960589
1782876040.606026 0.653751450741715 -3.512824391228519 0.128433762117568 0.053327092484110 0.001377955868661 -0.276338142786597 -0.959578841620598
1782876040.705930 0.652386037072246 -3.505810785559975 0.127812655263513 0.057238521526064 0.003545524089859 -0.295812040413129 -0.953523160525699
1782876040.805961 0.639140358042513 -3.494716338407846 0.128823081289578 0.063366919782695 0.005772472001363 -0.320190943233613 -0.945213770485425
1782876040.905749 0.631841355474223 -3.478851107539701 0.130161677050332 0.072003394425825 0.009952024682620 -0.352337792364547 -0.933045844783315
1782876041.005575 0.617491145245098 -3.461745013046210 0.129635952523211 0.081800909294488 0.013551309296290 -0.388427517926251 -0.917741268862015
1782876041.105583 0.606140177511925 -3.443229512755920 0.128111278972818 0.090821655909904 0.016099148487151 -0.428776206942053 -0.898689717642310
1782876041.205707 0.593083254832927 -3.425307604393243 0.116042228280187 0.106581284017301 0.007114470228515 -0.473800423100783 -0.874129837770093
1782876041.305542 0.571410681962100 -3.406766241964181 0.103889908409954 0.113389265632164 0.000017166163808 -0.530121520919179 -0.840305924769615
1782876041.405575 0.559190357495843 -3.396027324659822 0.107385489279881 0.114540012358152 0.004025483053323 -0.572127138725082 -0.812117551952481
1782876041.506075 0.547159732857246 -3.390871582663422 0.105951521252840 0.119755825094266 0.001143812161045 -0.603258435023866 -0.788502691575715
1782876041.605963 0.540905925266538 -3.389061824932915 0.104808877017418 0.127060939254628 0.008226068272497 -0.624989498382132 -0.770179184624213
1782876041.705969 0.537800391837854 -3.387072206912142 0.105680002447536 0.127611056434445 0.006978667223584 -0.637170299631141 -0.760053107188760
1782876041.805634 0.531971722082420 -3.382665201903421 0.104097721974747 0.127998989235209 0.007951540059265 -0.643804665379167 -0.754366346413550
1782876041.905613 0.530273782315716 -3.379816571869209 0.103721462078469 0.132421057000925 0.011051503319161 -0.648538815407393 -0.749493117277922
1782876042.005962 0.534893351627481 -3.364937073882278 0.104727801207020 0.135644200138615 0.009531894308047 -0.654088200098317 -0.744095706513388
1782876042.105679 0.540270071215096 -3.340362391367741 0.102626385457126 0.134520330549871 0.006496200322534 -0.657277617656139 -0.741517507128626
1782876042.205975 0.538299860568052 -3.310679945865445 0.097212723956063 0.131849254199340 -0.000864358405351 -0.660122955901755 -0.739494902039908
1782876042.305615 0.541183293011592 -3.282787447076326 0.088546910712464 0.143944441498666 -0.008136522524300 -0.661588467812254 -0.735876683976698
1782876042.405694 0.532588980505543 -3.251015846089667 0.081193625385027 0.164567865260608 -0.010784161644505 -0.661238017294234 -0.731823342116006
1782876042.505967 0.529310950374175 -3.220416610077701 0.091568346849462 0.160517175696149 -0.002496153705184 -0.662846281437529 -0.731343156601271
1782876042.605566 0.537006647426504 -3.183449366304048 0.096594265251993 0.148295399979573 -0.008394724340004 -0.669433201151922 -0.727871686592840
1782876042.705905 0.547158277502638 -3.133956723197346 0.098594050722485 0.141759001668216 -0.003989602361884 -0.670183115520938 -0.728521146013987
1782876042.805615 0.562924206713014 -3.092547815015172 0.107970795231406 0.117654443604649 -0.011036222154434 -0.680862835585827 -0.722814936770489
1782876042.905683 0.572395970963801 -3.045580898547785 0.105585516001393 0.130634359600920 -0.011645448163099 -0.674098658353754 -0.726904427304076
1782876043.006017 0.572755314593773 -2.988453346971935 0.100653266565311 0.138469305472966 -0.012625239422267 -0.676203824808287 -0.723474423933473
1782876043.105620 0.572140568431178 -2.936213182973614 0.107208893566531 0.142306421679889 0.001233985283533 -0.675605462932039 -0.723397966602914
1782876043.205971 0.570343071698198 -2.888613842719989 0.107360125022899 0.139373647846663 0.003218237499339 -0.678845849217101 -0.720925060067886
1782876043.305604 0.573525605862841 -2.838124083282191 0.103881639655932 0.137942609525067 0.005685341968157 -0.679603009682130 -0.720471555715401
1782876043.406041 0.571380984567066 -2.780310099348595 0.099233649957090 0.143839969215729 0.010817844336138 -0.680748282588739 -0.718174639800291
1782876043.505730 0.565643173333899 -2.731854417896759 0.103340768694104 0.127492661346017 0.003963541674518 -0.689127076665805 -0.713325860912251
1782876043.605979 0.565219912454049 -2.682167850712865 0.101956352009406 0.123688332268192 0.003350488091873 -0.691048782227440 -0.712138716313114
1782876043.705702 0.568275895187348 -2.623041359908340 0.096884903317484 0.128690136751286 0.006067345825818 -0.691557130808323 -0.710739594257687
1782876043.805933 0.568234125932530 -2.564395863038158 0.101617449560493 0.138946386586118 0.007509743155102 -0.687450933809036 -0.712775363643656
1782876043.905634 0.570395087073024 -2.511533069719825 0.102837936681381 0.139016472367511 0.005208348483482 -0.688753342949822 -0.711523805709878
1782876044.005648 0.569061977755549 -2.453549289950296 0.098422025160133 0.139099860484339 0.001695249723630 -0.689655157950418 -0.710650489378464
1782876044.105931 0.567090947495646 -2.396731753354614 0.096401960263452 0.142080476274436 0.012289848720695 -0.692071278449792 -0.707601189530357
1782876044.205692 0.568557244945066 -2.345921203816004 0.100921179858575 0.130737345329830 0.000656960105611 -0.700341535953087 -0.701732889323460
1782876044.306093 0.570625922864892 -2.295862883338990 0.101114439209518 0.136904991184971 0.001290601194960 -0.701287891851355 -0.699607497443912
1782876044.405581 0.566379346371284 -2.237309555355976 0.100319513505926 0.132269022898229 0.003333135355047 -0.704388084041580 -0.697374521222520
1782876044.505974 0.564536101740871 -2.178831436791271 0.103866757853583 0.144294392757051 0.008316312559195 -0.702828876604981 -0.696521024359154
1782876044.605396 0.568555116980245 -2.120962396349744 0.101838844536568 0.145213639956968 0.002378441980673 -0.702814551717937 -0.696390011184510
1782876044.706038 0.573800799432726 -2.054744979752389 0.090030368476037 0.150331798337442 -0.005298365830913 -0.703858661461434 -0.694229978043101
1782876044.805744 0.568812753264610 -1.995885428972050 0.092460573239331 0.144512221867970 0.001264431874091 -0.709161532212410 -0.690075749590448
1782876044.906175 0.565997877988860 -1.942391420557134 0.093361734407502 0.140313612344259 -0.001664845591874 -0.713981465229175 -0.685959026319442
1782876045.006068 0.559607515498910 -1.877177899522421 0.090696394842708 0.146004897781646 0.000834793538587 -0.714280437695532 -0.684459881416620
1782876045.106082 0.553915813872623 -1.812025615354673 0.099046339547943 0.144939818437994 0.006230683802172 -0.712927779255532 -0.686066767287374
1782876045.205585 0.552755859625975 -1.754201206541626 0.102739616571568 0.147637548967483 0.003617369091069 -0.712958376327311 -0.685478243564527
1782876045.306018 0.554317046079065 -1.689143866975980 0.097223116165608 0.146458514693335 -0.001320987556205 -0.714512315279374 -0.684120098944373
1782876045.406029 0.549662635880648 -1.621306724996205 0.101312643971635 0.141651098028165 0.003780696420868 -0.717638257701883 -0.681847493098308
1782876045.505557 0.545009840287799 -1.565570489339019 0.104888663010075 0.137181451052477 0.000061685203220 -0.722356465033754 -0.677777532163662
1782876045.605958 0.543600580725719 -1.502475492539807 0.099959627038243 0.135604168564134 0.005485461341569 -0.724871827994856 -0.675383041067176
1782876045.705578 0.534963220022518 -1.434440989868493 0.099994458896033 0.146311669697503 0.007368427926813 -0.721070339356450 -0.677197288299681
1782876045.805691 0.525421060809495 -1.368340648963614 0.103834887088485 0.144350558928147 0.007341497539540 -0.722923728565814 -0.675640659838765
1782876045.905678 0.516719362116009 -1.296780019181573 0.098440433940189 0.143999083062013 0.004673403032149 -0.723590885974442 -0.675024927773762
1782876046.005603 0.501219874190568 -1.222117893456330 0.098063779360709 0.152636874908711 0.016751612339441 -0.724713029429216 -0.671723449700480
1782876046.106047 0.489499032881041 -1.161651145670755 0.105652500672784 0.137761422802469 0.007410349538657 -0.732140238266030 -0.667036392274639
1782876046.205746 0.479969340176412 -1.095755207810484 0.097306205162093 0.143609453086527 0.010782385377605 -0.732181026090234 -0.665710905861592
1782876046.305676 0.470100269202658 -1.026283644511070 0.099156914286116 0.145827166928088 0.009478642307383 -0.731319131810779 -0.666195857217017
1782876046.405760 0.461434485971039 -0.956871416099621 0.098458624217611 0.149933518065499 0.004820782170959 -0.731344317643432 -0.665306086903071
1782876046.505556 0.456005825799381 -0.878744372562502 0.089028376686182 0.151282406978078 -0.006010251048177 -0.732012853656536 -0.664254990423650
1782876046.605552 0.447554445373415 -0.803793419129656 0.087878159893064 0.146932026311306 0.001024626995241 -0.734186835737744 -0.662857164110659
1782876046.705551 0.436863403698528 -0.735395915888377 0.092557947908887 0.149409760024760 0.002617792516471 -0.736484931087341 -0.659742235310741
1782876046.805800 0.426366157858991 -0.662799714122952 0.083009567415864 0.152049176815725 0.001709002694599 -0.739013538000564 -0.656305658813935
1782876046.906074 0.421073451862695 -0.589848821523489 0.092473632938952 0.155304272472520 0.010518117275240 -0.734921980161527 -0.660045176662992
1782876047.006034 0.414638339426084 -0.517765012412388 0.085663966458072 0.158979974643603 0.005422188916384 -0.734555832167961 -0.659639065669676
1782876047.105625 0.405689916176787 -0.439696409431151 0.078516050329947 0.161429073955150 0.000370553183630 -0.735123922853109 -0.658432483115187
1782876047.205760 0.393356341930757 -0.373102236524935 0.083701337900644 0.151363316238549 0.007301248731254 -0.741581521583625 -0.653523285820638
1782876047.305583 0.375355707989551 -0.315100056417496 0.083700900514060 0.150581862088969 0.009170887537363 -0.743659402014449 -0.651315354822041
1782876047.405758 0.361175303086844 -0.241871783145991 0.077647123486234 0.147847384182976 0.006934166371743 -0.745740127965548 -0.649588123251004
1782876047.505668 0.349264068301214 -0.169925920696167 0.086286969836456 0.153151743174339 0.009858677073931 -0.741739055343757 -0.652893960629608
1782876047.605662 0.342412046723874 -0.099017898034872 0.079926564293199 0.153878748661463 0.007873741977272 -0.742499561427359 -0.651884756822623
1782876047.705685 0.332471582784603 -0.019287340954050 0.070300304083451 0.159277527694800 0.009528014860309 -0.743347252577633 -0.649595834492026
1782876047.805574 0.320455990092777 0.046134135913095 0.079773611279566 0.144516515743271 0.005764035818327 -0.749352481803833 -0.646183109174791
1782876047.905648 0.307722794965432 0.112129465070159 0.077500786864278 0.146905397933624 0.009499851762814 -0.749644775996213 -0.645260619204278
1782876048.006087 0.291912466065990 0.189772496099455 0.065515521619558 0.149618724261560 0.013061299768959 -0.749805868539073 -0.644387150168988
1782876048.105654 0.275795093428370 0.259246720719239 0.072235840198958 0.154014328777763 0.010952756366067 -0.747502654664308 -0.646064551673273
1782876048.205729 0.260983676037652 0.328891005470220 0.066690652627236 0.154243550775035 0.008050297134937 -0.748535290079522 -0.644855828279291
1782876048.305731 0.248803315863560 0.404105595418478 0.064310224326166 0.160844296714730 0.014715716795562 -0.748955935641710 -0.642633306295622
1782876048.405657 0.231505668417479 0.465504825911487 0.068835520748407 0.144990323427546 0.005289551066542 -0.754599952686076 -0.639944324271977
1782876048.505734 0.214956545912058 0.530787485012095 0.066068278475960 0.147759313116849 0.012905389876720 -0.755716404972271 -0.637881926029424
1782876048.605795 0.200684955391401 0.607845198314669 0.070350315125353 0.153745549841944 0.016844907854324 -0.752277359224824 -0.640435265878415
1782876048.705560 0.191936095056241 0.676262780035106 0.071651040431849 0.153051630415216 0.008236930650963 -0.752001899564494 -0.641093202624970
1782876048.805689 0.185551751340910 0.753093673244456 0.057084336853446 0.155293720990170 -0.001794495293887 -0.753218048535449 -0.639173850660344
1782876048.906089 0.174461344140203 0.810435068395867 0.050897993909661 0.161276442098466 0.017634002189713 -0.756480521875982 -0.633574124481839
1782876049.005664 0.162371064758620 0.843107586445788 0.043494027675411 0.157009312424943 0.007467497183705 -0.768348378327360 -0.620429755749373
1782876049.106145 0.150719354244429 0.870513952513793 0.034469786429155 0.163358352065147 0.001752769265520 -0.777761083453081 -0.606958543622382
1782876049.205668 0.142937430653637 0.888208613946503 0.035330842540276 0.157008005920404 0.000152965900355 -0.788150184061558 -0.595119945928479
1782876049.305683 0.132187428649563 0.895149470627260 0.038067406874197 0.162812534763189 0.009010856673630 -0.797719238498256 -0.580564294041243
1782876049.405668 0.122317508419246 0.897657054788253 0.040454146077000 0.166835445461110 0.013843820321915 -0.811298933265051 -0.560150268820367
1782876049.505545 0.108942181281679 0.903029227634047 0.041777918210785 0.167541535746760 0.003996790144257 -0.827917632762754 -0.535225422442291
1782876049.605653 0.092849405455975 0.908841504318650 0.044251070867034 0.172647552439153 0.007810670224564 -0.845554819314558 -0.505142419126716
1782876049.705613 0.077690581478926 0.910904155553024 0.042334222927804 0.175424379833237 0.015263006703617 -0.861674421185016 -0.475931212951838
1782876049.805706 0.059030178958577 0.910411151404253 0.038103875386155 0.179189124840330 0.017970727872573 -0.877851950128184 -0.443784028706175
1782876049.905724 0.040790778933906 0.904705398084236 0.033118433164887 0.182396872597754 0.022128751809061 -0.894725360888013 -0.407072754914398
1782876050.005669 0.023238604966274 0.891695102129024 0.027503927418857 0.186091282006570 0.021408320254714 -0.910849288731537 -0.367784300646626
1782876050.105596 0.005562525432293 0.878793812168656 0.016838958560453 0.192047246513911 0.022194429840274 -0.925768153205889 -0.324928590462737
1782876050.205730 -0.009776445214135 0.864578519567903 0.009761547595310 0.198438036000657 0.023294675722837 -0.940062200141696 -0.276338133119152
1782876050.305683 -0.021718642450762 0.849717926041033 -0.000470371667651 0.202626073533018 0.018195297953191 -0.956031316518991 -0.211224352979970
1782876050.405569 -0.029755177504924 0.833438709152742 -0.004749459717618 0.197226182850499 0.003473919409680 -0.969365234373314 -0.146358488207483
1782876050.505638 -0.043167135776296 0.818530925696396 0.003466203585514 0.197260793267414 0.001325495832024 -0.976712582734511 -0.084373889493403
1782876050.605758 -0.049308170866532 0.810563095070123 0.009670815660289 0.190557161425646 -0.001168952576672 -0.981386307928564 -0.023822602491524
1782876050.705642 -0.049212639889121 0.792944654211415 0.011848303732238 0.185774912566726 -0.002387428027211 -0.982121865954235 0.030308785239017
1782876050.805696 -0.045143539216492 0.771285140983398 0.010353121228191 0.187127636952585 0.007376863653941 -0.980010011222230 0.067150631234785
1782876050.905651 -0.046509613954678 0.761116265410312 0.011095710244959 0.181573782076133 0.012179090567979 -0.978485577155044 0.097203943926764
1782876051.005725 -0.047014213027990 0.759368557255323 0.012164390555386 0.181118510428949 0.014346812160263 -0.976861552640268 0.112835105946393
1782876051.106204 -0.046172284303905 0.755895322099511 0.008956200408934 0.181822280154895 0.015525938677411 -0.975898181656583 0.119675990518932
1782876051.205720 -0.048815878033127 0.750906770130436 0.009572469757162 0.181657203680214 0.015034611086210 -0.975521136624216 0.123016798933414
1782876051.305721 -0.052924912743536 0.747865839474757 0.009022583227761 0.182094793737900 0.015169480787727 -0.975355688369690 0.123663471206838
1782876051.405800 -0.054192028711092 0.745865901314116 0.006400685642819 0.182025560274072 0.015862446255979 -0.975514019065645 0.122423350762556
1782876051.505585 -0.054349202235872 0.745644012773680 0.007470622558632 0.181373754549106 0.017771680987397 -0.975761040894644 0.121153289628050
1782876051.605603 -0.052367801784162 0.746727310568228 0.010314749741085 0.181012003426936 0.018967089514934 -0.975984924190974 0.119701010365374
1782876051.705814 -0.048264283008688 0.747362093804870 0.011030123601661 0.181348591033422 0.019448147055889 -0.976018854265208 0.118834566625070
1782876051.805645 -0.048318073286679 0.747690355491174 0.011082768290025 0.181276829622969 0.019418158050517 -0.976102784171625 0.118258195961312
1782876051.905687 -0.047336223758595 0.750379803796503 0.008222046266467 0.181439204226672 0.020674366125803 -0.976159849391345 0.117321499270192
1782876052.005624 -0.049251455026274 0.750833911093074 0.008003960703398 0.180997883359429 0.021086541924361 -0.976277552041355 0.116949841167346
1782876052.105786 -0.046361925355076 0.751693009426103 0.006908740559498 0.181257273649665 0.021466032519324 -0.976297785793675 0.116308398884986
1782876052.205789 -0.044253623165031 0.752986630621918 0.006984472654195 0.181132070027668 0.020501805828832 -0.976413308394624 0.115706094718327
1782876052.305590 -0.043393737295280 0.753261062577013 0.007735938173868 0.181274720030043 0.021248990648487 -0.976391319697524 0.115533315946651
1782876052.405596 -0.040548750050806 0.752494081901360 0.008985213381745 0.181009818058430 0.021550908414124 -0.976423597616944 0.115619903691433
1782876052.505789 -0.040358221313808 0.757065926719551 0.009724955703678 0.181146524004480 0.021938313982147 -0.976505909516350 0.114633572308523
1782876052.605740 -0.040290605040677 0.757435901834747 0.009446360328415 0.181144833992888 0.022358430846085 -0.976512972247685 0.114494823986213
1782876052.705609 -0.041374549990251 0.756648072838382 0.009069356157151 0.181052442986151 0.022162444951280 -0.976458191690469 0.115144425844059
1782876052.805767 -0.043362304430438 0.755237205456715 0.009496399342642 0.181048005946409 0.022055908871434 -0.976536463134015 0.114506299373635
1782876052.905691 -0.046323630590061 0.755134747015449 0.009636589434489 0.180956393969820 0.022185243263254 -0.976536515300120 0.114625619946583
1782876053.005692 -0.046371259104134 0.752658283514203 0.010046390771106 0.180816362927172 0.021687597186960 -0.976574695935602 0.114616553273009
1782876053.105795 -0.046037547862259 0.751196036712392 0.009755559600657 0.180832349330192 0.021843169983805 -0.976570413897887 0.114598272499816
1782876053.205688 -0.045254721763228 0.753881916209450 0.010179724444593 0.180798377578508 0.021513643292219 -0.976612009100269 0.114359492383714
1782876053.305599 -0.044517342410714 0.753189375053065 0.008345540787388 0.180881166454264 0.021687223925942 -0.976518821014234 0.114989826268906
1782876053.405740 -0.044418077651051 0.753820684539246 0.007532998834141 0.181006594380112 0.021716138651119 -0.976558614273114 0.114447782861125
1782876053.505635 -0.042454024938126 0.758208342482419 0.007438486622302 0.180957815022131 0.022989248603985 -0.976592226527026 0.113988537660061
1782876053.605793 -0.042958839340249 0.759328839193402 0.006310440551919 0.180942379020164 0.022207361205114 -0.976596202748559 0.114133892248436
1782876053.705614 -0.044540463424228 0.756771920417435 0.006412739219249 0.181051770290978 0.021923082145471 -0.976590534720509 0.114063852459525
1782876053.805792 -0.042865335018901 0.756093812282791 0.007007996610807 0.180927731068358 0.021825350575448 -0.976611821952545 0.114097149066483
1782876053.905477 -0.042650836844659 0.756173814279996 0.008278636051359 0.180927703333620 0.022127588993878 -0.976593432751256 0.114196335662366
1782876054.005130 -0.042988544629556 0.756530377614510 0.007427812798510 0.180795411713517 0.022179226761027 -0.976618023454882 0.114185538780342
1782876054.105803 -0.042354149841485 0.755296775708235 0.008922406413386 0.180887124568281 0.021368285205385 -0.976649423097202 0.113926067765712
1782876054.206260 -0.041550948855976 0.755712495464214 0.007916921249515 0.180944707422650 0.022199611914628 -0.976597690994926 0.114118973136840
1782876054.305665 -0.041859087004250 0.755557723272216 0.011512560331724 0.180510726653036 0.022024517117476 -0.976688224912900 0.114065373910219
1782876054.405649 -0.041079401886311 0.754538061838630 0.014142705028473 0.180549028219775 0.022453766378504 -0.976661679064290 0.114148330830952
1782876054.505708 -0.041308205989534 0.755119777826595 0.014845716065875 0.180323375250138 0.022317265521640 -0.976744687479819 0.113821067811903
1782876054.605760 -0.041126953966110 0.755799457076143 0.013461649611866 0.180947238117151 0.022257085515863 -0.976617558650716 0.113933591609705
1782876054.705821 -0.042643086590644 0.755603345486282 0.011398213660433 0.180818480186925 0.022082821121154 -0.976690164604769 0.113548881977709
1782876054.805615 -0.045734196869819 0.755436039556114 0.008490262767793 0.180866795792561 0.022649349275131 -0.976630082719094 0.113876646794221
1782876054.905640 -0.043056266318530 0.756819807753983 0.008632413596285 0.180922245035597 0.022200180596512 -0.976666252684726 0.113566386309471
1782876055.005770 -0.043490040931566 0.757317555449960 0.008368350445939 0.180587119274023 0.022197739201156 -0.976719730620826 0.113640312136603
1782876055.105828 -0.044060635763983 0.757000122822352 0.009076955050257 0.180381804807520 0.022617809291123 -0.976776077739353 0.113398999789391
1782876055.205801 -0.046441408228491 0.755006050491487 0.011282486525924 0.180356989412297 0.022629427331183 -0.976749194212429 0.113667396354553
1782876055.305703 -0.046485636252876 0.756503724091710 0.013223574056708 0.180184878924429 0.022401210668923 -0.976825824582725 0.113326535267302
1782876055.405609 -0.044217574953533 0.757274681435454 0.012733005701859 0.180252250839368 0.022635540859973 -0.976796850123234 0.113422537207127
1782876055.505821 -0.045223551697629 0.757356169212608 0.009510494928561 0.180495213482256 0.022478736947295 -0.976772158507551 0.113279895213601
1782876055.605680 -0.045812106511924 0.758224864038564 0.008796939536593 0.180551776304346 0.022619079479068 -0.976723032544270 0.113584994670267
1782876055.705628 -0.044248025613690 0.759307344297726 0.009629124516974 0.180585154787167 0.022752336609054 -0.976746029958431 0.113307219582963
1782876055.805695 -0.046343430356174 0.759114082517423 0.009931471091204 0.180443203432540 0.022265192740391 -0.976793596549629 0.113220056821792
1782876055.905755 -0.045345328263929 0.761029828715335 0.012515013747349 0.180315514812552 0.023322933505734 -0.976787047690978 0.113267026771122
1782876056.005683 -0.042619099973864 0.760061027582919 0.012609645462744 0.180366212908386 0.023517602340094 -0.976770741474572 0.113286672739239
1782876056.105660 -0.039946104890095 0.756577370305091 0.013570217896015 0.180152546577984 0.022698506997713 -0.976790100930911 0.113626301817736
1782876056.205767 -0.040750228358986 0.755394178616409 0.011921977043281 0.180501143357303 0.022952372834880 -0.976737920557834 0.113470526447032
1782876056.305696 -0.040951624969906 0.755178313306028 0.010451345228959 0.180300111158784 0.022475079680019 -0.976775864511159 0.113559020856283
1782876056.405673 -0.040610644734006 0.754200983254593 0.012073478288978 0.180312333349673 0.022726451503025 -0.976783963666498 0.113419835866116
1782876056.505728 -0.039789523130058 0.752551158649143 0.012929319090722 0.180013657591022 0.023008599508781 -0.976755022095775 0.114084680127887
1782876056.605552 -0.036900592651612 0.752497614716547 0.011814158928767 0.180438388942528 0.022959928383021 -0.976725991669015 0.113671309847757
1782876056.705705 -0.036189028866481 0.753425793666629 0.010821590277698 0.180449028918433 0.023376712276058 -0.976689512916505 0.113882714422911
1782876056.805708 -0.038120415801509 0.753931208341036 0.009434798556148 0.180502851663095 0.022547976889005 -0.976717814665982 0.113721676885564
1782876056.905750 -0.040997071420172 0.754322242964338 0.011292954898678 0.180047406374131 0.022944208449223 -0.976826881828528 0.113427235237368
1782876057.005674 -0.040647627504460 0.755067128078862 0.010042934083346 0.180423149930708 0.023261220417003 -0.976695512278760 0.113895912517415
1782876057.105721 -0.040890584391365 0.755336894409023 0.010356655357928 0.180088955025957 0.023772206915797 -0.976780445761424 0.113590542009348
1782876057.205716 -0.040793854480578 0.755987812499050 0.009991907782411 0.180072848020263 0.022542920423902 -0.976860835687878 0.113174616604899
1782876057.305565 -0.040440130985123 0.755583187373254 0.011644040822612 0.179914915318670 0.022766375990175 -0.976860580769422 0.113383072408670
1782876057.405756 -0.039245768021015 0.754848085903625 0.012749714556849 0.180138731673899 0.022706694009963 -0.976830330645640 0.113300258290255
1782876057.505744 -0.037355936314573 0.752691182991557 0.012784665051871 0.180128799065369 0.023652024436231 -0.976724232679681 0.114034954217895
1782876057.605565 -0.040003311543517 0.751954356263914 0.012084921066781 0.180029881066627 0.022893766451205 -0.976804820111749 0.113655007752061
1782876057.705688 -0.039069290775683 0.754858397207216 0.011539287018799 0.180104334140104 0.022770160968022 -0.976817577564832 0.113452054867538
1782876057.805565 -0.040933781616701 0.755896151904614 0.010698549925562 0.180226010309390 0.023081684549768 -0.976794394545788 0.113395466532334
1782876057.905754 -0.041062911372700 0.757971902687518 0.011197025427249 0.180157675636744 0.023156251567979 -0.976818050574906 0.113285021045943
1782876058.005630 -0.040184020619710 0.758168032971359 0.009863020231811 0.179941604062147 0.022853910482966 -0.976870266041338 0.113239574475332
1782876058.105615 -0.038919978898926 0.758221622469585 0.009233520932636 0.180408511327396 0.023331620033879 -0.976760641354586 0.113344845703971
1782876058.205780 -0.039652454206342 0.759020651155240 0.012906988881189 0.179774649071936 0.023716678593020 -0.976854053511493 0.113466968081444
1782876058.305611 -0.039941073913293 0.757219843660710 0.011126369790883 0.180267999365458 0.022795657776906 -0.976803541461056 0.113307756929019
1782876058.405746 -0.042435457914858 0.758626514133053 0.011477383954195 0.179998914919133 0.024362295608624 -0.976785451231449 0.113565185875958
1782876058.505601 -0.042860256989483 0.758658752829351 0.009319264397535 0.180319312899356 0.023336638910862 -0.976783723292459 0.113286824435245
1782876058.605760 -0.040804430458860 0.756974712895839 0.010537424114747 0.179949648619029 0.022991757835608 -0.976823537089891 0.113601410293026
1782876058.705575 -0.038739195892004 0.755866088008770 0.010571786600793 0.180249257413144 0.023298611386844 -0.976752612948650 0.113673712912411
1782876058.805793 -0.036155706513025 0.755995271503329 0.011536197451508 0.179887514269762 0.023049077798784 -0.976852083392782 0.113442625998812
1782876058.905664 -0.034760185096136 0.756254084588232 0.012249464918174 0.180185415838050 0.024401994466758 -0.976720796323169 0.113816715007075
1782876059.005603 -0.037361806800220 0.756771723651613 0.011639850027086 0.179929913166689 0.024027554509548 -0.976844262360219 0.113239525192803
1782876059.105724 -0.039428594430563 0.755321985703391 0.010293367026643 0.179786376196276 0.023299952232303 -0.976807360703250 0.113935732919868
1782876059.205636 -0.039201646246973 0.756180824900467 0.010094249213065 0.180247832676564 0.024269207237660 -0.976773041070060 0.113296737084783
1782876059.305652 -0.040818545582287 0.757614291544890 0.009390478424740 0.179969207419815 0.023077639375313 -0.976873047455501 0.113126283844220
1782876059.405629 -0.041972285475401 0.757214997187529 0.011949714956682 0.179707489670728 0.023163245124094 -0.976862065276802 0.113618606110800
1782876059.505738 -0.040097156520335 0.756496411714865 0.011741431889382 0.180031833796868 0.023412706635272 -0.976803246610039 0.113559682104566
1782876059.605729 -0.038532052833864 0.755198139083960 0.013197191774304 0.179756976228041 0.023470652598382 -0.976837414497343 0.113689153405053
1782876059.705682 -0.036340376464180 0.757382601003380 0.012991222946154 0.180163073024943 0.023838871274530 -0.976787210359217 0.113400709931990
1782876059.805783 -0.038845582550609 0.757229212102739 0.013032493037354 0.179706831840541 0.023942238117578 -0.976831193773010 0.113723536242980
1782876059.905588 -0.038286966065874 0.756697877179773 0.012162778793465 0.179936818360958 0.023715835071229 -0.976834385624518 0.113379379194086
1782876060.005711 -0.037695229207683 0.756109597077341 0.011545746133766 0.179846157281145 0.022517331002067 -0.976892781050579 0.113264397967193
1782876060.105651 -0.040017651593397 0.756051491792655 0.012305003533139 0.179628199307388 0.023301895800120 -0.976931864976188 0.113114379544373
1782876060.205593 -0.040225462678120 0.754764591827453 0.011384072243948 0.179868524444686 0.022950125807304 -0.976845235093143 0.113551716478433
1782876060.305788 -0.039411286489405 0.754798130964237 0.011736753120215 0.180055801646332 0.023517757641533 -0.976816768773420 0.113383524428903
1782876060.405790 -0.038037413479543 0.756006475432692 0.010569016708495 0.180054110846828 0.022625148119542 -0.976823687563368 0.113508163823949
1782876060.505743 -0.038643589819788 0.755849129456257 0.010696661503422 0.179866897215668 0.023010930315391 -0.976857360926756 0.113437616226267
1782876060.605668 -0.039366277248283 0.754322906149344 0.011527080919127 0.179994046771796 0.024319866036481 -0.976762506336217 0.113779143336230
1782876060.705651 -0.042755669981062 0.753124144417735 0.012541142894092 0.179683763661253 0.024290483872396 -0.976820813867615 0.113775283188569
1782876060.805677 -0.041161589547773 0.755310243272949 0.014626735248391 0.179507350449064 0.023562023438409 -0.976944799149410 0.113140627543866
1782876060.905642 -0.040557913542192 0.756121202439013 0.015660604470035 0.179534573477580 0.023837131424351 -0.976874782437037 0.113643246742294
1782876061.005732 -0.037446095091145 0.754645176155417 0.014720477946229 0.179619843718187 0.023320609995611 -0.976843432650235 0.113884893555069
1782876061.105690 -0.036586029199498 0.755906442408429 0.016437436102625 0.179606971537341 0.023652779446821 -0.976899918179361 0.113350922628091
1782876061.205652 -0.038808483672022 0.757244370253390 0.015369515956950 0.179744554406353 0.023609900613508 -0.976880816448883 0.113306390853748
1782876061.305748 -0.040097838797008 0.756013889765169 0.015627587986055 0.179516891632006 0.023324737660600 -0.976906839058747 0.113501850345929
1782876061.405785 -0.037484857682924 0.755963377495559 0.015662970872476 0.179472648089996 0.022582713119118 -0.976946507272403 0.113380384475678
1782876061.505723 -0.037923222457911 0.756809642766105 0.011738868936933 0.179870958834264 0.023187028281180 -0.976879928980249 0.113200725452307
1782876061.605629 -0.039833444650347 0.756208249993223 0.009486248635290 0.179874070309677 0.022815418921211 -0.976890302483396 0.113181767098034
1782876061.705615 -0.038935238428267 0.756605242188703 0.008244182858556 0.180005920595948 0.023201769843533 -0.976866884700694 0.113095694000918
1782876061.805648 -0.038382733704935 0.757638820686598 0.011965730639615 0.179832383393620 0.023443071139982 -0.976881834864056 0.113192831093610
1782876061.905664 -0.037624636161930 0.758919901996159 0.012885319067437 0.179773161269719 0.023990952124958 -0.976874953052458 0.113231492094038
1782876062.005709 -0.036684715013191 0.756480090785225 0.011705472816779 0.179922892481496 0.023394125007471 -0.976837961783815 0.113437489808805
1782876062.105600 -0.033400957619848 0.755298665989983 0.013869818642960 0.179510641720707 0.023326973432257 -0.976911793946604 0.113468624153964
1782876062.205678 -0.032378860991673 0.755646578179788 0.012764863318224 0.180148036045241 0.023336941606787 -0.976787256974556 0.113528528914370
1782876062.305618 -0.033029964095018 0.754579897696493 0.012036046616545 0.179751686717071 0.023418947587959 -0.976830221682215 0.113769952203429
1782876062.405716 -0.033750573007446 0.754999335633449 0.010418023243073 0.180047504629571 0.022982000766749 -0.976820807335602 0.113471732486550
1782876062.505618 -0.035223153851387 0.755276426797228 0.008941957085388 0.180211206104502 0.023606992462929 -0.976787600940233 0.113369368660565
1782876062.605812 -0.038823901022549 0.754820383047484 0.009971120248332 0.179643234815513 0.023600641018838 -0.976847969854199 0.113751315245595
1782876062.705614 -0.041362503500698 0.753414562453066 0.008927327890831 0.179934056932336 0.023098766229741 -0.976810221770516 0.113718832209196
1782876062.805601 -0.041912885704595 0.754738803254952 0.009816842696443 0.179767430672691 0.023124433614863 -0.976850823222476 0.113628344213742
1782876062.905748 -0.041969905320059 0.756790495566745 0.009780065666168 0.179982667332429 0.023267868135516 -0.976852115681865 0.113246588734728
1782876063.005756 -0.041380325213181 0.755984687448444 0.011368298090513 0.179870217587087 0.024092818276339 -0.976789851356819 0.113788519714673
1782876063.105779 -0.038565381232222 0.754362775976384 0.011141512084664 0.179765102697418 0.023622372591074 -0.976835941325825 0.113657534283039
1782876063.205584 -0.037898980749951 0.757203280722772 0.013215075289192 0.179803625261298 0.024217120980598 -0.976856857072281 0.113291077252469
1782876063.305759 -0.039917912221528 0.758445234474228 0.011127430162501 0.180142910971060 0.023688815917092 -0.976813769580205 0.113235291255343
1782876063.405733 -0.037366545227761 0.758926152331512 0.009965942900684 0.179860212609146 0.023694180648889 -0.976892347647573 0.113005446023796
1782876063.505708 -0.036354322084296 0.757961155636390 0.008443747656942 0.179860258251468 0.023525553615030 -0.976839646920003 0.113495110176078
1782876063.605651 -0.034071770117730 0.756186900708755 0.008092945917806 0.180210871651520 0.023650411751397 -0.976787880097480 0.113358445018940
1782876063.705648 -0.031870931684497 0.755989233871817 0.010746346417865 0.179738880640377 0.023204267850531 -0.976870368823688 0.113489115133519
1782876063.805752 -0.033418761161990 0.754755383630319 0.012985537241539 0.179696167032274 0.023253998498321 -0.976902357312570 0.113271017408451
1782876063.905797 -0.036737936979624 0.756281102657612 0.014737694003771 0.179602879943327 0.023036914856407 -0.976929651478606 0.113227921166574
1782876064.005744 -0.035108482197542 0.757697342418714 0.016347500506341 0.179629745626336 0.023656104660482 -0.976901224049436 0.113302875731710
1782876064.105627 -0.036346308208146 0.758950715033453 0.013991612746823 0.180057556489258 0.023433647931142 -0.976833559698981 0.113253419998811
1782876064.205850 -0.037960006368684 0.759070392317000 0.017180177203873 0.179233476796323 0.024530050211533 -0.976954636931031 0.113284044820667
1782876064.305839 -0.040512277638259 0.760495922095227 0.015188610323995 0.179694463425251 0.024395977374765 -0.976893263630349 0.113111836585475
1782876064.405806 -0.042410452711445 0.760655242877696 0.013512294554941 0.179604901717045 0.024489188822754 -0.976885615595660 0.113299836505426
1782876064.505761 -0.040653527631666 0.759159247153182 0.013169382112800 0.179730974131425 0.024239549289330 -0.976859876826375 0.113375492213407
1782876064.605708 -0.039118804558270 0.757275514912790 0.010997363523613 0.179938532920459 0.024300101080073 -0.976798211600949 0.113564445452665
1782876064.705688 -0.038915415376998 0.756018300003513 0.010940293368454 0.179702360510414 0.024192426304461 -0.976885745976770 0.113207894794273
1782876064.805707 -0.040497176265517 0.754647707512881 0.009535525022246 0.179850508204191 0.023494779231482 -0.976858825347794 0.113351777169743
1782876064.905707 -0.037510604910656 0.753996564934091 0.010548795917942 0.179990592819815 0.023731476739197 -0.976809412848247 0.113505834559559
1782876065.005789 -0.034674979426135 0.755191930441817 0.010972179358585 0.179910357175407 0.024106281873056 -0.976847141228518 0.113229029973758
1782876065.105821 -0.036574094793754 0.753618274900259 0.009682801042902 0.179820225655642 0.023738663464688 -0.976836048334304 0.113545131892726
1782876065.205838 -0.038325855060888 0.751823059082485 0.009563060002930 0.179708736377212 0.023370350889794 -0.976859815536835 0.113593563013871
1782876065.305788 -0.037258187391087 0.754553693984679 0.011244283212392 0.179519963996365 0.023224399829155 -0.976927946884301 0.113335768297554
1782876065.405820 -0.036862958485522 0.756448481823280 0.013824385327842 0.179837715764815 0.024382775644287 -0.976850498855328 0.113256254248163
1782876065.505823 -0.037775675555749 0.757234521776894 0.011389791275851 0.180158813002820 0.024368032441804 -0.976780681460044 0.113351230335789
1782876065.605903 -0.037322672017767 0.756153129215762 0.011500367829878 0.180101492482573 0.023725327732712 -0.976803040418728 0.113385984398912
1782876065.705817 -0.035615528302240 0.758069187878947 0.011640768521858 0.179945236383700 0.023915132114495 -0.976846413906621 0.113220413337850
1782876065.805768 -0.035436963242912 0.759981445451018 0.009811298358465 0.180152601412039 0.024331311645912 -0.976785368339851 0.113328600428593
1782876065.905782 -0.035497241277006 0.756938434495958 0.009461501947190 0.179802327667181 0.023099487402097 -0.976877188725934 0.113351201114055
1782876066.005815 -0.036890676661506 0.756787476394513 0.010038571123543 0.180017306495285 0.023265070055516 -0.976803760044450 0.113608627490956
1782876066.105818 -0.036106045876005 0.757165616075728 0.010775505935523 0.179909043653297 0.024342961919859 -0.976834682307316 0.113287950189548
1782876066.205847 -0.038495396301068 0.756866975170643 0.010995975062781 0.179672121138056 0.023430754644315 -0.976901496412543 0.113280161234626
1782876066.305856 -0.037136960059485 0.755333021376975 0.012798313374687 0.179564476032060 0.023945334143760 -0.976904806953279 0.113314686036335
1782876066.405868 -0.035691284423753 0.758610336638131 0.013865215387956 0.179620119442369 0.024127561939890 -0.976911558770621 0.113129482393237
1782876066.505778 -0.037476548339492 0.760481849704853 0.014777301179339 0.179552445980925 0.024486962044665 -0.976908661168641 0.113184696693701
1782876066.605873 -0.036572876213296 0.759855616468822 0.014942192009057 0.179828347001016 0.024383737262413 -0.976849211993605 0.113282019753055
1782876066.705857 -0.036472615371207 0.757409054206247 0.013395452741117 0.179609015606614 0.023592411960589 -0.976913063477816 0.113246924977914
1782876066.805809 -0.033817025994284 0.757220977587858 0.013556239883583 0.179746854679678 0.023864414624370 -0.976892326950282 0.113150075090220
1782876066.905916 -0.032563498123520 0.755163940535857 0.011654129153336 0.179685112504331 0.023484751027611 -0.976917722677631 0.113108310621669
1782876067.005957 -0.031577344287436 0.752973255253772 0.011395668358568 0.179960080596175 0.023472828969732 -0.976852771815054 0.113234526046957
1782876067.105802 -0.032845586527994 0.751001726263482 0.010471581098705 0.179677392593286 0.023209842044310 -0.976861126517427 0.113664758487922
1782876067.205804 -0.031829554670359 0.750538698502909 0.007539006138501 0.180111188274609 0.023536255303709 -0.976757687648334 0.113799930423196
1782876067.305884 -0.032221638821160 0.753387830169169 0.009175648641695 0.179982229759911 0.023687796012529 -0.976805210985288 0.113564365372960
1782876067.405819 -0.032175503123562 0.755055277279145 0.010979957282317 0.179649475013503 0.023650643388769 -0.976877095568228 0.113480629839231
1782876067.505836 -0.032501950708344 0.753216432574538 0.010898974611639 0.179803663408676 0.023699287276704 -0.976868518571239 0.113299972778837
1782876067.605820 -0.032564419711974 0.754759848314376 0.012782176758570 0.179727094814003 0.024115286842400 -0.976846254042074 0.113525416951681
1782876067.705867 -0.034101778924508 0.755472364859350 0.012686318653735 0.179800548750539 0.023787969193279 -0.976855114324163 0.113401855404784
1782876067.805816 -0.036324518963768 0.754513084730218 0.013468684355378 0.179476112822853 0.022706086018584 -0.976976915296776 0.113087866549723
1782876067.905955 -0.036114042163623 0.755848835417701 0.012318018021538 0.179651762155142 0.024080005608703 -0.976908094154416 0.113119287744750
1782876068.005960 -0.036556148751312 0.755757049094124 0.011615232893459 0.179757814304492 0.023383244995974 -0.976906691752477 0.113109096270000
1782876068.105966 -0.036043496890900 0.756787604491311 0.012013346131985 0.179638311616585 0.023553777461685 -0.976900686026701 0.113315251432643
1782876068.205777 -0.035993948759236 0.757115363227738 0.010553564538313 0.180054469044806 0.023926259894769 -0.976854389880858 0.112975321352907
1782876068.305937 -0.035897038952687 0.758050288670336 0.009507580349067 0.179877937986501 0.023076901543500 -0.976892308855720 0.113105264860979
1782876068.405817 -0.038437652733650 0.758923376523323 0.008095237053654 0.180163570389449 0.024104249207656 -0.976807900565664 0.113165358953239
1782876068.505929 -0.040232133356914 0.757736338831128 0.008907701918559 0.179914466630098 0.024096078713526 -0.976820636710036 0.113453106546686
1782876068.605828 -0.039823137495454 0.756152850563608 0.008941135676187 0.179967636558927 0.023975022224013 -0.976862087424592 0.113036765050473
1782876068.705895 -0.040346201597714 0.754698995144377 0.008913033960101 0.179908325527755 0.023451809049998 -0.976832328839916 0.113497173493979
1782876068.805860 -0.039767149490288 0.756432052979920 0.008809437991806 0.180064398594969 0.023616069945696 -0.976839637696002 0.113152179938129
1782876068.905946 -0.038682436171912 0.753192404448947 0.008016887967061 0.179956832271682 0.022611283118794 -0.976837151173169 0.113549321804249
1782876069.005810 -0.038399331193608 0.752037030321630 0.007126856067989 0.179663035039956 0.022258948990753 -0.976926879164075 0.113311984347001
1782876069.105824 -0.038767257539708 0.752878761240255 0.008215480510140 0.179828148377160 0.023544303923791 -0.976826545808503 0.113654750044466
1782876069.205808 -0.035652199152165 0.754489759946899 0.011782246227283 0.179475644136972 0.023660562097172 -0.976901367305612 0.113544658699328
1782876069.305884 -0.036647476923729 0.754996677526684 0.014753559584999 0.179581931338865 0.023803172982485 -0.976918590446138 0.113198085377603
1782876069.405896 -0.035672024590319 0.755541669663063 0.014049818230659 0.179629633023677 0.023847241702013 -0.976892652256977 0.113336887063175
1782876069.505828 -0.037619710327277 0.757122272502463 0.013445292327793 0.179747653695591 0.024067867162307 -0.976872200985627 0.113279396637429
1782876069.605880 -0.038267887652484 0.755771169636975 0.013184737585683 0.179815597465528 0.023779320861696 -0.976826063939763 0.113629818336903
1782876069.705859 -0.036688840691952 0.755524754453860 0.013870422893468 0.179643289195060 0.023972640444476 -0.976847326361563 0.113678943245533
1782876069.805866 -0.035501941521440 0.755739951556608 0.014960538023032 0.179582944670215 0.023934014530377 -0.976904997687634 0.113286161665111
1782876069.905887 -0.038064843293199 0.755235747307903 0.015583881542141 0.179319668992768 0.024074641141730 -0.976931015513833 0.113448926364195
1782876070.005950 -0.038188311804240 0.754273954245807 0.013776088645478 0.179605411406523 0.024093842921094 -0.976891100771218 0.113336490860816
1782876070.106003 -0.035842289083655 0.754910276170988 0.012038003846285 0.179670731686687 0.023179816911105 -0.976950272069984 0.112912754662080
1782876070.205950 -0.032012311460446 0.754847690004164 0.012863494757062 0.179340494724794 0.023353610754248 -0.976974830763946 0.113189115511256
1782876070.305940 -0.033445803243208 0.756325596575963 0.012419267533644 0.179740637285117 0.023958010149347 -0.976875459621274 0.113285715991044
1782876070.405960 -0.035704351770604 0.759131812434033 0.011892630190913 0.179617391555041 0.023297905402996 -0.976939009026272 0.113070654448521
1782876070.505924 -0.035598703823216 0.759561263367475 0.012958466741578 0.179508441890401 0.023186323700027 -0.976946720264460 0.113199909221379
1782876070.606040 -0.034811294368655 0.757683810479407 0.013453352297729 0.179688852048723 0.023670181385130 -0.976876933345131 0.113415590024799
1782876070.705978 -0.034198540732808 0.755304645452295 0.013593433742381 0.179640776729273 0.024143502373556 -0.976870174391317 0.113450187367723
1782876070.805861 -0.037322481714665 0.756255191846774 0.013099796489684 0.179543712079921 0.023415615132301 -0.976972955465994 0.112869875114804
1782876070.905933 -0.038802079149166 0.755194865812563 0.013133727977171 0.179502020691529 0.023869980443350 -0.976929483783965 0.113216749267672
1782876071.006039 -0.040894526730555 0.754887350948380 0.010989230437490 0.179696871948831 0.023828635670345 -0.976909250271241 0.113090879686333
1782876071.106096 -0.043532496643665 0.754677909276923 0.009537311531338 0.179879225754956 0.024152181749246 -0.976845835076012 0.113279966247559
1782876071.206080 -0.041240120980688 0.755443326314015 0.007158823069946 0.179841722181904 0.023487548382207 -0.976909997875070 0.112925400531604
1782876071.306113 -0.041735136502698 0.754524015328717 0.007129355392644 0.179940342457727 0.022785563176029 -0.976902621557018 0.112975923372305
1782876071.406014 -0.039576818829558 0.753403815611827 0.008352583465877 0.179776982766690 0.023708593581102 -0.976824766305541 0.113716819291117
1782876071.506027 -0.041601011893492 0.753805950696425 0.011037516838169 0.179519920129558 0.024521127714244 -0.976879909279174 0.113476673456988
1782876071.605963 -0.041358264368145 0.753246307824281 0.009591003983658 0.179991819554576 0.023789402841445 -0.976809223226287 0.113493394635059
1782876071.705890 -0.041464818554912 0.755143463435339 0.009407442658501 0.179673809574844 0.024094836710891 -0.976857461374637 0.113517668903520
1782876071.806029 -0.038370079255956 0.757026338481896 0.010219412421834 0.179738519370491 0.023920316880524 -0.976861003744636 0.113421613714990
1782876071.906092 -0.038481122437690 0.758322001205856 0.009100750408771 0.179969129706602 0.024092024053982 -0.976806760165863 0.113486739418101
1782876072.006044 -0.038488520438536 0.757952048323533 0.009242893351718 0.179813306210146 0.023721990703051 -0.976906931821654 0.112948167871430
1782876072.105988 -0.038811954429887 0.757939679317972 0.011654258809449 0.179848734078169 0.024050865910809 -0.976905913423190 0.112830957711403
1782876072.205933 -0.036571234940028 0.759232635721744 0.012182926851755 0.179642293593508 0.024233156142563 -0.976907656792465 0.113105395962967
1782876072.305937 -0.033313341358491 0.758961085053462 0.013698443726697 0.179477053753578 0.024335202924629 -0.976955800009177 0.112929845049169
1782876072.405922 -0.033067468623202 0.758223909496914 0.013566766918981 0.179692325744519 0.023973681288871 -0.976879368857536 0.113325325388168
1782876072.506086 -0.034945457527213 0.757582728876285 0.014783810326762 0.179378332600576 0.023791914466590 -0.976957676485674 0.113185939740818
1782876072.605946 -0.036907606520011 0.755803757760970 0.015755187003584 0.179363345558589 0.023717134006629 -0.976950899245398 0.113283839482939
1782876072.706182 -0.034908603340543 0.755849220314099 0.014230160799016 0.179773974740464 0.024108102048416 -0.976872216809110 0.113228924961513
1782876072.805911 -0.035939762792170 0.755450567586296 0.016428965516942 0.179513250693236 0.024773719917488 -0.976875726346131 0.113468369612694
1782876072.906020 -0.032948667763654 0.759820856726452 0.015936846658690 0.179475671958695 0.023616099363448 -0.977011362244521 0.112603557096491
1782876073.006032 -0.032357713240673 0.759737306289929 0.016488588666531 0.179587471739238 0.024525197987453 -0.976935284802624 0.112890672623767
1782876073.106093 -0.035313521547964 0.756292965419853 0.014147329825424 0.179588861701659 0.023198230345399 -0.976917782085134 0.113319591895019
1782876073.205969 -0.033297625840633 0.755427390179171 0.013327605700433 0.179710404014687 0.023657938701723 -0.976893662091592 0.113239770356475
1782876073.306115 -0.030939349219725 0.754591259228777 0.012217965861813 0.179741233148801 0.023834173865154 -0.976865706488451 0.113394941461160
1782876073.406090 -0.031924394661949 0.755247367687795 0.012123467395958 0.179753828437230 0.022839983955515 -0.976927947309649 0.113042832856719
1782876073.505609 -0.034014336940749 0.754737344550235 0.010437786272394 0.179906715990386 0.023643457727235 -0.976840908496710 0.113386065878589
1782876073.605943 -0.037267962065428 0.754401272962397 0.009429646031667 0.179766783529814 0.023205081421335 -0.976875140661860 0.113403647614577
1782876073.705644 -0.037884830959181 0.754348536709127 0.009443212728638 0.179659303521631 0.023322284057500 -0.976909565023006 0.113253289095155
1782876073.805630 -0.035675136987403 0.753719371047560 0.011385164827498 0.179573657234019 0.023939300610851 -0.976862415928541 0.113666318054042
1782876073.905955 -0.036379428270979 0.754358717877085 0.009738428155240 0.180325839227729 0.024482008926646 -0.976698414148054 0.113769199462124
1782876074.005967 -0.033686549127933 0.754156323330082 0.013177598786060 0.179646000706270 0.023903331976472 -0.976881295409057 0.113397000976367
1782876074.106049 -0.033972417389621 0.754943718289472 0.011986516540378 0.179543492348061 0.023103491028228 -0.976952829201386 0.113108499119313
1782876074.206184 -0.033760336290095 0.754490535196287 0.014271711478577 0.179497041315158 0.023643355745846 -0.976910239129135 0.113438038473350
1782876074.306126 -0.034482727881127 0.754276843355557 0.013914738673622 0.179590698446471 0.023456004527481 -0.976883153988423 0.113561878888092
1782876074.406112 -0.033081847532859 0.755500585901517 0.015725649193093 0.179512209613129 0.023975974483686 -0.976925098571925 0.113216036971136
1782876074.506239 -0.032430041749141 0.755645696095314 0.016729618367634 0.179523500738481 0.024141484064873 -0.976885712719558 0.113502448052872
1782876074.605986 -0.032747403751660 0.756977167463559 0.015631622015622 0.179761791954894 0.024386831902735 -0.976851426689650 0.113367855925554
1782876074.706176 -0.032693974956988 0.755731073717171 0.014605043256176 0.179795410706013 0.023398388421415 -0.976881639134308 0.113262477592768
1782876074.806051 -0.032833950253420 0.755821127263724 0.013170272964512 0.179776653049473 0.024258002804626 -0.976852309448416 0.113364323503494
1782876074.906216 -0.032861033369737 0.756057906516138 0.011085112212333 0.180070149013976 0.023757406358730 -0.976817893008250 0.113301063437029
1782876075.006112 -0.034501517303606 0.754541047065945 0.010868030440759 0.179568875918642 0.023823258464543 -0.976869917046052 0.113633781630884
1782876075.106111 -0.037086920061840 0.752197925891745 0.010206528171618 0.179776577235018 0.023465484456782 -0.976845607467275 0.113588786808417
1782876075.206198 -0.035803930141032 0.753253156284769 0.011954876281698 0.179629900577293 0.023645773321666 -0.976855020090968 0.113702444764989
1782876075.306090 -0.036395163904286 0.753977235455126 0.012269873292185 0.179647308198956 0.023769219404010 -0.976876690023089 0.113462775195989
1782876075.406005 -0.039701140664601 0.753153494578776 0.010843552996761 0.179559074458050 0.024054792479982 -0.976863433617947 0.113656226395722
1782876075.506124 -0.037151785856920 0.752736904194630 0.013424621365566 0.179384356111853 0.023827593464468 -0.976932380929344 0.113387043631976
1782876075.605996 -0.035813419712197 0.752639210886571 0.014210899391580 0.179562833454713 0.023929559592575 -0.976869618606476 0.113623559453610
1782876075.706298 -0.033393269695571 0.754752395804110 0.014654379111564 0.179810838594186 0.024061800514683 -0.976842942269486 0.113432615319360
1782876075.806129 -0.036054608740282 0.754097079181372 0.015340149531552 0.179515150352236 0.023518480146968 -0.976959475004699 0.113010513156881
1782876075.906210 -0.035127518244832 0.754347901734259 0.013889321973183 0.179572514036583 0.023068978583042 -0.976901127706217 0.113515290229496
1782876076.006250 -0.034504628763358 0.753962971197810 0.012753490002431 0.179715227709267 0.024054858178810 -0.976868436514192 0.113366037549045
1782876076.106101 -0.035021003277409 0.755326322870093 0.012872315363934 0.179671117372970 0.023577924926685 -0.976887607620171 0.113370953581974
1782876076.206195 -0.036066134605919 0.756384089402004 0.011751069797515 0.179695223253710 0.023370644101751 -0.976945014531149 0.112879928759058
1782876076.306213 -0.036721200766302 0.759098360286358 0.011675630606482 0.179891631268828 0.024331085780811 -0.976858380787562 0.113113673572719
1782876076.406151 -0.036953515735161 0.760115918044475 0.012397414564190 0.179678552787109 0.024692477163930 -0.976888910822510 0.113110367127401
1782876076.506171 -0.040672292306235 0.757763086304142 0.016460674037608 0.179186597310077 0.024628543959210 -0.976972080205150 0.113186362545817
1782876076.606174 -0.039523700713110 0.755666646809395 0.016436335406750 0.179242194433779 0.023948856751391 -0.976968232747962 0.113277359591554
1782876076.706130 -0.039352254487741 0.754298735350509 0.014528580946972 0.179786111675180 0.024297770632733 -0.976850969097312 0.113352355795927
1782876076.806201 -0.039309290228442 0.754354585069297 0.014859557872356 0.179483445699423 0.024550523472391 -0.976892767300499 0.113417307819008
1782876076.906251 -0.038860716424339 0.751927784014263 0.014781070586869 0.179491427056747 0.024609740789880 -0.976834527710378 0.113892465703727
1782876077.006195 -0.038351969458173 0.753064843647994 0.013512360553191 0.179443917459970 0.023572246953321 -0.976924521406386 0.113413884224723
1782876077.106107 -0.039740072310691 0.751929502840964 0.013059007832429 0.179468929263987 0.024223321410801 -0.976854165099903 0.113842321899555
1782876077.206255 -0.037646618791003 0.754624178036759 0.011969497456101 0.179544448071363 0.023889163978603 -0.976943711494960 0.113022491484877
1782876077.306209 -0.035258146685813 0.757159763168314 0.013768022766827 0.179181893223309 0.024175440119305 -0.976968892851669 0.113318928851164
1782876077.406269 -0.033949288289096 0.758255261795577 0.014147177171863 0.179747825132557 0.024205462411047 -0.976887396079644 0.113118655977510
1782876077.506262 -0.031629819022410 0.757380867444299 0.014419997172075 0.179372293864430 0.023856203430122 -0.976917779944146 0.113525825170128
1782876077.606206 -0.029855975948910 0.757200387399481 0.011619657569052 0.179990062180090 0.023780347088366 -0.976877401939383 0.112909761264334
1782876077.706275 -0.031248416989831 0.756369967338537 0.010902393496531 0.179889249243536 0.023909910484267 -0.976834819799354 0.113410356734461
1782876077.806186 -0.032995950104341 0.757565346304345 0.013199670044475 0.179534481751223 0.024455743113724 -0.976909860141392 0.113209591684820
1782876077.906396 -0.035787505226946 0.756740217215906 0.011849716004297 0.179763161494685 0.023300440374782 -0.976899892817066 0.113176387385467
1782876078.006260 -0.036096230404482 0.756516643983274 0.009411386960355 0.179835909906149 0.024081734909112 -0.976824818858059 0.113544655597512
1782876078.106241 -0.036784587620227 0.754764531378803 0.008661882614653 0.179777057670447 0.023391718006663 -0.976898839223191 0.113144575602539
1782876078.206272 -0.038617524400015 0.755148924542891 0.009390099317382 0.179797155253693 0.023553397555582 -0.976934932476830 0.112766830817405
1782876078.306253 -0.041011634575607 0.752898107611942 0.009225875723399 0.179780746920261 0.023746518552422 -0.976856626037810 0.113428911919764
1782876078.406196 -0.039380446244122 0.752284384918378 0.008775220069337 0.179804076731578 0.023967203801921 -0.976818816685743 0.113670869184364
1782876078.506364 -0.041234059115420 0.751938709067788 0.010074835112543 0.179776405121228 0.023862936060131 -0.976844627702142 0.113514658848903
1782876078.606250 -0.038692429761408 0.752665704657213 0.011969129653567 0.179521547773820 0.024069475652659 -0.976851299754382 0.113816573462372
1782876078.706332 -0.031958769605425 0.752343356118963 0.013146818778148 0.179475104720371 0.023882735493107 -0.976900056599086 0.113510268907809
1782876078.806287 -0.030214893873771 0.754018994905750 0.016644413219822 0.179490887912240 0.024235848778030 -0.976903214044505 0.113383222655931
1782876078.906313 -0.031658191966917 0.755941013477368 0.018526434099455 0.179281315355877 0.024978246870004 -0.976890180921596 0.113665612945967
1782876079.006149 -0.030999056857483 0.756008996068805 0.018812362121849 0.179354717904834 0.024697712101021 -0.976939762281094 0.113183961126363
1782876079.106322 -0.030213369590988 0.757433896699758 0.015064477960616 0.180100391562471 0.024390684245043 -0.976815780279238 0.113136532023967
1782876079.206267 -0.031275103707782 0.755361981883704 0.014883709579625 0.179441866387067 0.024468243506623 -0.976873833079989 0.113663696450006
1782876079.306290 -0.031324502210445 0.756021127179122 0.015144618227378 0.179419236956127 0.024112927767817 -0.976931276422255 0.113281001374337
